id,content_id,content_name,group_id,group_name,coefficient,purchase_limit,towns_with_shop,asset_paths,json_xpaths
1,77,<IC_SRD>Broadsword,1,Weapons,0,0,Tule,Assets/GameAssets/Serial/Res/Map/Map_20011/Map_20011_7/ev_e_0023,/layers/[0]/objects/[0]/properties/{name=product_group_id}
2,127,<IC_ROD>Rod,1,Weapons,0,0,Tule,Assets/GameAssets/Serial/Res/Map/Map_20011/Map_20011_7/ev_e_0023,/layers/[0]/objects/[0]/properties/{name=product_group_id}
3,136,<IC_WND>Staff,1,Weapons,0,0,Tule,Assets/GameAssets/Serial/Res/Map/Map_20011/Map_20011_7/ev_e_0023,/layers/[0]/objects/[0]/properties/{name=product_group_id}
4,61,<IC_NIF>Dagger,2,Weapons,0,0,Carwen,Assets/GameAssets/Serial/Res/Map/Map_20021/Map_20021_4/entity_default,/layers/[0]/objects/[5]/properties/{name=product_group_id}
5,78,<IC_SRD>Long Sword,2,Weapons,0,0,Carwen,Assets/GameAssets/Serial/Res/Map/Map_20021/Map_20021_4/entity_default,/layers/[0]/objects/[5]/properties/{name=product_group_id}
6,127,<IC_ROD>Rod,2,Weapons,0,0,Carwen,Assets/GameAssets/Serial/Res/Map/Map_20021/Map_20021_4/entity_default,/layers/[0]/objects/[5]/properties/{name=product_group_id}
7,136,<IC_WND>Staff,2,Weapons,0,0,Carwen,Assets/GameAssets/Serial/Res/Map/Map_20021/Map_20021_4/entity_default,/layers/[0]/objects/[5]/properties/{name=product_group_id}
8,107,<IC_AX>Battle Axe,3,Weapons,0,0,Walse,Assets/GameAssets/Serial/Res/Map/Map_20031/Map_20031_3/entity_default,/layers/[0]/objects/[2]/properties/{name=product_group_id}
9,78,<IC_SRD>Long Sword,3,Weapons,0,0,Walse,Assets/GameAssets/Serial/Res/Map/Map_20031/Map_20031_3/entity_default,/layers/[0]/objects/[2]/properties/{name=product_group_id}
10,61,<IC_NIF>Dagger,3,Weapons,0,0,Walse,Assets/GameAssets/Serial/Res/Map/Map_20031/Map_20031_3/entity_default,/layers/[0]/objects/[2]/properties/{name=product_group_id}
11,62,<IC_NIF>Mythril Knife,4,Weapons,-338,1,<MISSING>,<MISSING>,<MISSING>
12,79,<IC_SRD>Mythril Sword,4,Weapons,-660,1,<MISSING>,<MISSING>,<MISSING>
13,108,<IC_HMR>Mythril Hammer,4,Weapons,-788,1,<MISSING>,<MISSING>,<MISSING>
14,128,<IC_ROD>Flame Rod,4,Weapons,-563,1,<MISSING>,<MISSING>,<MISSING>
15,129,<IC_ROD>Frost Rod,4,Weapons,-563,1,<MISSING>,<MISSING>,<MISSING>
16,130,<IC_ROD>Thunder Rod,4,Weapons,-563,1,<MISSING>,<MISSING>,<MISSING>
17,143,<IC_FLL>Flail,4,Weapons,-585,1,<MISSING>,<MISSING>,<MISSING>
18,62,<IC_NIF>Mythril Knife,5,Weapons,0,0,Karnak;Karnak,Assets/GameAssets/Serial/Res/Map/Map_20061/Map_20061_1/ev_e_0042_ 1;Assets/GameAssets/Serial/Res/Map/Map_20061/Map_20061_1/ev_e_0048,/layers/[0]/objects/[1]/properties/{name=product_group_id};/layers/[0]/objects/[2]/properties/{name=product_group_id}
19,79,<IC_SRD>Mythril Sword,5,Weapons,0,0,Karnak;Karnak,Assets/GameAssets/Serial/Res/Map/Map_20061/Map_20061_1/ev_e_0042_ 1;Assets/GameAssets/Serial/Res/Map/Map_20061/Map_20061_1/ev_e_0048,/layers/[0]/objects/[1]/properties/{name=product_group_id};/layers/[0]/objects/[2]/properties/{name=product_group_id}
20,108,<IC_HMR>Mythril Hammer,5,Weapons,0,0,Karnak;Karnak,Assets/GameAssets/Serial/Res/Map/Map_20061/Map_20061_1/ev_e_0042_ 1;Assets/GameAssets/Serial/Res/Map/Map_20061/Map_20061_1/ev_e_0048,/layers/[0]/objects/[1]/properties/{name=product_group_id};/layers/[0]/objects/[2]/properties/{name=product_group_id}
21,128,<IC_ROD>Flame Rod,5,Weapons,0,0,Karnak;Karnak,Assets/GameAssets/Serial/Res/Map/Map_20061/Map_20061_1/ev_e_0042_ 1;Assets/GameAssets/Serial/Res/Map/Map_20061/Map_20061_1/ev_e_0048,/layers/[0]/objects/[1]/properties/{name=product_group_id};/layers/[0]/objects/[2]/properties/{name=product_group_id}
22,129,<IC_ROD>Frost Rod,5,Weapons,0,0,Karnak;Karnak,Assets/GameAssets/Serial/Res/Map/Map_20061/Map_20061_1/ev_e_0042_ 1;Assets/GameAssets/Serial/Res/Map/Map_20061/Map_20061_1/ev_e_0048,/layers/[0]/objects/[1]/properties/{name=product_group_id};/layers/[0]/objects/[2]/properties/{name=product_group_id}
23,130,<IC_ROD>Thunder Rod,5,Weapons,0,0,Karnak;Karnak,Assets/GameAssets/Serial/Res/Map/Map_20061/Map_20061_1/ev_e_0042_ 1;Assets/GameAssets/Serial/Res/Map/Map_20061/Map_20061_1/ev_e_0048,/layers/[0]/objects/[1]/properties/{name=product_group_id};/layers/[0]/objects/[2]/properties/{name=product_group_id}
24,143,<IC_FLL>Flail,5,Weapons,0,0,Karnak;Karnak,Assets/GameAssets/Serial/Res/Map/Map_20061/Map_20061_1/ev_e_0042_ 1;Assets/GameAssets/Serial/Res/Map/Map_20061/Map_20061_1/ev_e_0048,/layers/[0]/objects/[1]/properties/{name=product_group_id};/layers/[0]/objects/[2]/properties/{name=product_group_id}
25,97,<IC_SPR>Mythril Spear,6,Weapons,0,0,Karnak,Assets/GameAssets/Serial/Res/Map/Map_20061/Map_20061_1/ev_e_0048,/layers/[0]/objects/[0]/properties/{name=product_group_id}
26,73,<IC_NIF>Kunai,6,Weapons,0,0,Karnak,Assets/GameAssets/Serial/Res/Map/Map_20061/Map_20061_1/ev_e_0048,/layers/[0]/objects/[0]/properties/{name=product_group_id}
27,162,<IC_WHP>Whip,6,Weapons,0,0,Karnak,Assets/GameAssets/Serial/Res/Map/Map_20061/Map_20061_1/ev_e_0048,/layers/[0]/objects/[0]/properties/{name=product_group_id}
28,168,<IC_BEL>Diamond Bell,6,Weapons,0,0,Karnak,Assets/GameAssets/Serial/Res/Map/Map_20061/Map_20061_1/ev_e_0048,/layers/[0]/objects/[0]/properties/{name=product_group_id}
29,109,<IC_AX>Ogre Killer,7,Weapons,0,0,Jachol,Assets/GameAssets/Serial/Res/Map/Map_20081/Map_20081_5/entity_default,/layers/[0]/objects/[5]/properties/{name=product_group_id}
30,80,<IC_SRD>Coral Sword,7,Weapons,0,0,Jachol,Assets/GameAssets/Serial/Res/Map/Map_20081/Map_20081_5/entity_default,/layers/[0]/objects/[5]/properties/{name=product_group_id}
31,63,<IC_NIF>Mage Masher,7,Weapons,0,0,Jachol,Assets/GameAssets/Serial/Res/Map/Map_20081/Map_20081_5/entity_default,/layers/[0]/objects/[5]/properties/{name=product_group_id}
32,98,<IC_SPR>Trident,7,Weapons,0,0,Jachol,Assets/GameAssets/Serial/Res/Map/Map_20081/Map_20081_5/entity_default,/layers/[0]/objects/[5]/properties/{name=product_group_id}
33,118,<IC_KTN>Ashura,7,Weapons,0,0,Jachol,Assets/GameAssets/Serial/Res/Map/Map_20081/Map_20081_5/entity_default,/layers/[0]/objects/[5]/properties/{name=product_group_id}
34,145,<IC_BOW>Silver Bow,7,Weapons,0,0,Jachol,Assets/GameAssets/Serial/Res/Map/Map_20081/Map_20081_5/entity_default,/layers/[0]/objects/[5]/properties/{name=product_group_id}
35,146,<IC_BOW>Flame Bow,8,Weapons,0,0,Crescent,Assets/GameAssets/Serial/Res/Map/Map_20101/Map_20101_3/entity_default,/layers/[0]/objects/[2]/properties/{name=product_group_id}
36,147,<IC_BOW>Frost Bow,8,Weapons,0,0,Crescent,Assets/GameAssets/Serial/Res/Map/Map_20101/Map_20101_3/entity_default,/layers/[0]/objects/[2]/properties/{name=product_group_id}
37,148,<IC_BOW>Thunder Bow,8,Weapons,0,0,Crescent,Assets/GameAssets/Serial/Res/Map/Map_20101/Map_20101_3/entity_default,/layers/[0]/objects/[2]/properties/{name=product_group_id}
38,158,<IC_HRP>Silver Harp,8,Weapons,0,0,Crescent,Assets/GameAssets/Serial/Res/Map/Map_20101/Map_20101_3/entity_default,/layers/[0]/objects/[2]/properties/{name=product_group_id}
39,65,<IC_NIF>Orichalcum Dirk,9,Weapons,0,0,Regole,Assets/GameAssets/Serial/Res/Map/Map_20151/Map_20151_2/entity_default,/layers/[0]/objects/[5]/properties/{name=product_group_id}
40,110,<IC_HMR>War Hammer,9,Weapons,0,0,Regole,Assets/GameAssets/Serial/Res/Map/Map_20151/Map_20151_2/entity_default,/layers/[0]/objects/[5]/properties/{name=product_group_id}
41,118,<IC_KTN>Ashura,9,Weapons,0,0,Regole,Assets/GameAssets/Serial/Res/Map/Map_20151/Map_20151_2/entity_default,/layers/[0]/objects/[5]/properties/{name=product_group_id}
42,82,<IC_SRD>Sleep Blade,9,Weapons,0,0,Regole,Assets/GameAssets/Serial/Res/Map/Map_20151/Map_20151_2/entity_default,/layers/[0]/objects/[5]/properties/{name=product_group_id}
43,99,<IC_SPR>Wind Spear,9,Weapons,0,0,Regole,Assets/GameAssets/Serial/Res/Map/Map_20151/Map_20151_2/entity_default,/layers/[0]/objects/[5]/properties/{name=product_group_id}
44,149,<IC_BOW>Dark Bow,9,Weapons,0,0,Regole,Assets/GameAssets/Serial/Res/Map/Map_20151/Map_20151_2/entity_default,/layers/[0]/objects/[5]/properties/{name=product_group_id}
45,159,<IC_HRP>Dream Harp,9,Weapons,0,0,Regole,Assets/GameAssets/Serial/Res/Map/Map_20151/Map_20151_2/entity_default,/layers/[0]/objects/[5]/properties/{name=product_group_id}
46,164,<IC_WHP>Chain Whip,9,Weapons,0,0,Regole,Assets/GameAssets/Serial/Res/Map/Map_20151/Map_20151_2/entity_default,/layers/[0]/objects/[5]/properties/{name=product_group_id}
47,67,<IC_NIF>Air Knife,10,Weapons,0,0,Moore,Assets/GameAssets/Serial/Res/Map/Map_20161/Map_20161_4/entity_default,/layers/[0]/objects/[2]/properties/{name=product_group_id}
48,152,<IC_BOW>Elven Bow,10,Weapons,0,0,Moore,Assets/GameAssets/Serial/Res/Map/Map_20161/Map_20161_4/entity_default,/layers/[0]/objects/[2]/properties/{name=product_group_id}
49,74,<IC_NIF>Kodachi,11,Weapons,0,0,Quelb,Assets/GameAssets/Serial/Res/Map/Map_20181/Map_20181_2/entity_default,/layers/[0]/objects/[6]/properties/{name=product_group_id}
50,151,<IC_BOW>Killer Bow,11,Weapons,0,0,Quelb,Assets/GameAssets/Serial/Res/Map/Map_20181/Map_20181_2/entity_default,/layers/[0]/objects/[6]/properties/{name=product_group_id}
51,131,<IC_ROD>Poison Rod,11,Weapons,0,0,Quelb,Assets/GameAssets/Serial/Res/Map/Map_20181/Map_20181_2/entity_default,/layers/[0]/objects/[6]/properties/{name=product_group_id}
52,28,<IC_SRK>Shuriken,11,Weapons,0,0,Quelb,Assets/GameAssets/Serial/Res/Map/Map_20181/Map_20181_2/entity_default,/layers/[0]/objects/[6]/properties/{name=product_group_id}
53,24,<IC_BAG>Flame Scroll,11,Weapons,0,0,Quelb,Assets/GameAssets/Serial/Res/Map/Map_20181/Map_20181_2/entity_default,/layers/[0]/objects/[6]/properties/{name=product_group_id}
54,25,<IC_BAG>Water Scroll,11,Weapons,0,0,Quelb,Assets/GameAssets/Serial/Res/Map/Map_20181/Map_20181_2/entity_default,/layers/[0]/objects/[6]/properties/{name=product_group_id}
55,26,<IC_BAG>Lightning Scroll,11,Weapons,0,0,Quelb,Assets/GameAssets/Serial/Res/Map/Map_20181/Map_20181_2/entity_default,/layers/[0]/objects/[6]/properties/{name=product_group_id}
56,65,<IC_NIF>Orichalcum Dirk,12,Weapons,0,0,Quelb;Castle of Bal,Assets/GameAssets/Serial/Res/Map/Map_20181/Map_20181_2/entity_default;Assets/GameAssets/Serial/Res/Map/Map_20191/Map_20191_1/entity_default,/layers/[0]/objects/[8]/properties/{name=product_group_id};/layers/[0]/objects/[8]/properties/{name=product_group_id}
57,110,<IC_HMR>War Hammer,12,Weapons,0,0,Quelb;Castle of Bal,Assets/GameAssets/Serial/Res/Map/Map_20181/Map_20181_2/entity_default;Assets/GameAssets/Serial/Res/Map/Map_20191/Map_20191_1/entity_default,/layers/[0]/objects/[8]/properties/{name=product_group_id};/layers/[0]/objects/[8]/properties/{name=product_group_id}
58,118,<IC_KTN>Ashura,12,Weapons,0,0,Quelb;Castle of Bal,Assets/GameAssets/Serial/Res/Map/Map_20181/Map_20181_2/entity_default;Assets/GameAssets/Serial/Res/Map/Map_20191/Map_20191_1/entity_default,/layers/[0]/objects/[8]/properties/{name=product_group_id};/layers/[0]/objects/[8]/properties/{name=product_group_id}
59,82,<IC_SRD>Sleep Blade,12,Weapons,0,0,Quelb;Castle of Bal,Assets/GameAssets/Serial/Res/Map/Map_20181/Map_20181_2/entity_default;Assets/GameAssets/Serial/Res/Map/Map_20191/Map_20191_1/entity_default,/layers/[0]/objects/[8]/properties/{name=product_group_id};/layers/[0]/objects/[8]/properties/{name=product_group_id}
60,99,<IC_SPR>Wind Spear,12,Weapons,0,0,Quelb;Castle of Bal,Assets/GameAssets/Serial/Res/Map/Map_20181/Map_20181_2/entity_default;Assets/GameAssets/Serial/Res/Map/Map_20191/Map_20191_1/entity_default,/layers/[0]/objects/[8]/properties/{name=product_group_id};/layers/[0]/objects/[8]/properties/{name=product_group_id}
61,149,<IC_BOW>Dark Bow,12,Weapons,0,0,Quelb;Castle of Bal,Assets/GameAssets/Serial/Res/Map/Map_20181/Map_20181_2/entity_default;Assets/GameAssets/Serial/Res/Map/Map_20191/Map_20191_1/entity_default,/layers/[0]/objects/[8]/properties/{name=product_group_id};/layers/[0]/objects/[8]/properties/{name=product_group_id}
62,159,<IC_HRP>Dream Harp,12,Weapons,0,0,Quelb;Castle of Bal,Assets/GameAssets/Serial/Res/Map/Map_20181/Map_20181_2/entity_default;Assets/GameAssets/Serial/Res/Map/Map_20191/Map_20191_1/entity_default,/layers/[0]/objects/[8]/properties/{name=product_group_id};/layers/[0]/objects/[8]/properties/{name=product_group_id}
63,164,<IC_WHP>Chain Whip,12,Weapons,0,0,Quelb;Castle of Bal,Assets/GameAssets/Serial/Res/Map/Map_20181/Map_20181_2/entity_default;Assets/GameAssets/Serial/Res/Map/Map_20191/Map_20191_1/entity_default,/layers/[0]/objects/[8]/properties/{name=product_group_id};/layers/[0]/objects/[8]/properties/{name=product_group_id}
64,84,<IC_SRD>Great Sword,13,Weapons,0,0,Surgate Castle,Assets/GameAssets/Serial/Res/Map/Map_20171/Map_20171_4/entity_default,/layers/[0]/objects/[6]/properties/{name=product_group_id}
65,100,<IC_SPR>Heavy Lance,13,Weapons,0,0,Surgate Castle,Assets/GameAssets/Serial/Res/Map/Map_20171/Map_20171_4/entity_default,/layers/[0]/objects/[6]/properties/{name=product_group_id}
66,120,<IC_KTN>Osafune,13,Weapons,0,0,Surgate Castle,Assets/GameAssets/Serial/Res/Map/Map_20171/Map_20171_4/entity_default,/layers/[0]/objects/[6]/properties/{name=product_group_id}
67,112,<IC_AX>Poison Axe,13,Weapons,0,0,Surgate Castle,Assets/GameAssets/Serial/Res/Map/Map_20171/Map_20171_4/entity_default,/layers/[0]/objects/[6]/properties/{name=product_group_id}
68,113,<IC_HMR>Gaia Hammer,14,Weapons,0,0,<MISSING>,<MISSING>,<MISSING>
69,144,<IC_FLL>Morning Star,14,Weapons,0,0,<MISSING>,<MISSING>,<MISSING>
70,150,<IC_BOW>Magic Bow,14,Weapons,0,0,<MISSING>,<MISSING>,<MISSING>
71,122,<IC_KTN>Kikuichimonji,14,Weapons,0,0,<MISSING>,<MISSING>,<MISSING>
72,88,<IC_NSRD>Flametongue,15,Weapons,0,0,Phantom Village,Assets/GameAssets/Serial/Res/Map/Map_20201/Map_20201_7/entity_default,/layers/[0]/objects/[4]/properties/{name=product_group_id}
73,89,<IC_NSRD>Icebrand,15,Weapons,0,0,Phantom Village,Assets/GameAssets/Serial/Res/Map/Map_20201/Map_20201_7/entity_default,/layers/[0]/objects/[4]/properties/{name=product_group_id}
74,113,<IC_HMR>Gaia Hammer,15,Weapons,0,0,Phantom Village,Assets/GameAssets/Serial/Res/Map/Map_20201/Map_20201_7/entity_default,/layers/[0]/objects/[4]/properties/{name=product_group_id}
75,144,<IC_FLL>Morning Star,15,Weapons,0,0,Phantom Village,Assets/GameAssets/Serial/Res/Map/Map_20201/Map_20201_7/entity_default,/layers/[0]/objects/[4]/properties/{name=product_group_id}
76,150,<IC_BOW>Magic Bow,15,Weapons,0,0,Phantom Village,Assets/GameAssets/Serial/Res/Map/Map_20201/Map_20201_7/entity_default,/layers/[0]/objects/[4]/properties/{name=product_group_id}
77,122,<IC_KTN>Kikuichimonji,15,Weapons,0,0,Phantom Village,Assets/GameAssets/Serial/Res/Map/Map_20201/Map_20201_7/entity_default,/layers/[0]/objects/[4]/properties/{name=product_group_id}
78,103,<IC_SPR>Partisan,15,Weapons,0,0,Phantom Village,Assets/GameAssets/Serial/Res/Map/Map_20201/Map_20201_7/entity_default,/layers/[0]/objects/[4]/properties/{name=product_group_id}
79,178,<IC_SHIELD>Leather Shield,16,Armor,0,0,Tule,Assets/GameAssets/Serial/Res/Map/Map_20011/Map_20011_6/ev_e_0023,/layers/[0]/objects/[0]/properties/{name=product_group_id}
80,190,<IC_HEAD>Leather Cap,16,Armor,0,0,Tule,Assets/GameAssets/Serial/Res/Map/Map_20011/Map_20011_6/ev_e_0023,/layers/[0]/objects/[0]/properties/{name=product_group_id}
81,213,<IC_CLTH>Leather Armor,16,Armor,0,0,Tule,Assets/GameAssets/Serial/Res/Map/Map_20011/Map_20011_6/ev_e_0023,/layers/[0]/objects/[0]/properties/{name=product_group_id}
82,179,<IC_SHIELD>Bronze Shield,17,Armor,0,0,Carwen,Assets/GameAssets/Serial/Res/Map/Map_20021/Map_20021_4/entity_default,/layers/[0]/objects/[4]/properties/{name=product_group_id}
83,204,<IC_HEAD>Bronze Helm,17,Armor,0,0,Carwen,Assets/GameAssets/Serial/Res/Map/Map_20021/Map_20021_4/entity_default,/layers/[0]/objects/[4]/properties/{name=product_group_id}
84,234,<IC_ARMOR>Bronze Armor,17,Armor,0,0,Carwen,Assets/GameAssets/Serial/Res/Map/Map_20021/Map_20021_4/entity_default,/layers/[0]/objects/[4]/properties/{name=product_group_id}
85,218,<IC_ARMOR>Copper Cuirass,17,Armor,0,0,Carwen,Assets/GameAssets/Serial/Res/Map/Map_20021/Map_20021_4/entity_default,/layers/[0]/objects/[4]/properties/{name=product_group_id}
86,226,<IC_CLTH>Cotton Robe,17,Armor,0,0,Carwen,Assets/GameAssets/Serial/Res/Map/Map_20021/Map_20021_4/entity_default,/layers/[0]/objects/[4]/properties/{name=product_group_id}
87,180,<IC_SHIELD>Iron Shield,18,Armor,0,0,Walse,Assets/GameAssets/Serial/Res/Map/Map_20031/Map_20031_4/entity_default,/layers/[0]/objects/[2]/properties/{name=product_group_id}
88,205,<IC_HEAD>Iron Helm,18,Armor,0,0,Walse,Assets/GameAssets/Serial/Res/Map/Map_20031/Map_20031_4/entity_default,/layers/[0]/objects/[2]/properties/{name=product_group_id}
89,235,<IC_ARMOR>Iron Armor,18,Armor,0,0,Walse,Assets/GameAssets/Serial/Res/Map/Map_20031/Map_20031_4/entity_default,/layers/[0]/objects/[2]/properties/{name=product_group_id}
90,219,<IC_CLTH>Kenpo Gi,18,Armor,0,0,Walse,Assets/GameAssets/Serial/Res/Map/Map_20031/Map_20031_4/entity_default,/layers/[0]/objects/[2]/properties/{name=product_group_id}
91,226,<IC_CLTH>Cotton Robe,18,Armor,0,0,Walse,Assets/GameAssets/Serial/Res/Map/Map_20031/Map_20031_4/entity_default,/layers/[0]/objects/[2]/properties/{name=product_group_id}
92,181,<IC_SHIELD>Mythril Shield,19,Armor,-443,1,<MISSING>,<MISSING>,<MISSING>
93,206,<IC_HEAD>Mythril Helm,19,Armor,-413,1,<MISSING>,<MISSING>,<MISSING>
94,236,<IC_ARMOR>Mythril Armor,19,Armor,-525,1,<MISSING>,<MISSING>,<MISSING>
95,220,<IC_ARMOR>Silver Plate,19,Armor,-450,1,<MISSING>,<MISSING>,<MISSING>
96,227,<IC_CLTH>Silk Robe,19,Armor,-375,1,<MISSING>,<MISSING>,<MISSING>
97,242,<IC_RING>Mythril Gloves,19,Armor,-450,1,<MISSING>,<MISSING>,<MISSING>
98,247,<IC_RING>Silver Armlet,19,Armor,-375,1,<MISSING>,<MISSING>,<MISSING>
99,181,<IC_SHIELD>Mythril Shield,20,Armor,0,0,Karnak;Karnak,Assets/GameAssets/Serial/Res/Map/Map_20061/Map_20061_1/ev_e_0042_ 1;Assets/GameAssets/Serial/Res/Map/Map_20061/Map_20061_1/ev_e_0048,/layers/[0]/objects/[0]/properties/{name=product_group_id};/layers/[0]/objects/[1]/properties/{name=product_group_id}
100,206,<IC_HEAD>Mythril Helm,20,Armor,0,0,Karnak;Karnak,Assets/GameAssets/Serial/Res/Map/Map_20061/Map_20061_1/ev_e_0042_ 1;Assets/GameAssets/Serial/Res/Map/Map_20061/Map_20061_1/ev_e_0048,/layers/[0]/objects/[0]/properties/{name=product_group_id};/layers/[0]/objects/[1]/properties/{name=product_group_id}
101,191,<IC_HEAD>Plumed Hat,20,Armor,0,0,Karnak;Karnak,Assets/GameAssets/Serial/Res/Map/Map_20061/Map_20061_1/ev_e_0042_ 1;Assets/GameAssets/Serial/Res/Map/Map_20061/Map_20061_1/ev_e_0048,/layers/[0]/objects/[0]/properties/{name=product_group_id};/layers/[0]/objects/[1]/properties/{name=product_group_id}
102,236,<IC_ARMOR>Mythril Armor,20,Armor,0,0,Karnak;Karnak,Assets/GameAssets/Serial/Res/Map/Map_20061/Map_20061_1/ev_e_0042_ 1;Assets/GameAssets/Serial/Res/Map/Map_20061/Map_20061_1/ev_e_0048,/layers/[0]/objects/[0]/properties/{name=product_group_id};/layers/[0]/objects/[1]/properties/{name=product_group_id}
103,220,<IC_ARMOR>Silver Plate,20,Armor,0,0,Karnak;Karnak,Assets/GameAssets/Serial/Res/Map/Map_20061/Map_20061_1/ev_e_0042_ 1;Assets/GameAssets/Serial/Res/Map/Map_20061/Map_20061_1/ev_e_0048,/layers/[0]/objects/[0]/properties/{name=product_group_id};/layers/[0]/objects/[1]/properties/{name=product_group_id}
104,227,<IC_CLTH>Silk Robe,20,Armor,0,0,Karnak;Karnak,Assets/GameAssets/Serial/Res/Map/Map_20061/Map_20061_1/ev_e_0042_ 1;Assets/GameAssets/Serial/Res/Map/Map_20061/Map_20061_1/ev_e_0048,/layers/[0]/objects/[0]/properties/{name=product_group_id};/layers/[0]/objects/[1]/properties/{name=product_group_id}
105,242,<IC_RING>Mythril Gloves,20,Armor,0,0,Karnak;Karnak,Assets/GameAssets/Serial/Res/Map/Map_20061/Map_20061_1/ev_e_0042_ 1;Assets/GameAssets/Serial/Res/Map/Map_20061/Map_20061_1/ev_e_0048,/layers/[0]/objects/[0]/properties/{name=product_group_id};/layers/[0]/objects/[1]/properties/{name=product_group_id}
106,247,<IC_RING>Silver Armlet,20,Armor,0,0,Karnak;Karnak,Assets/GameAssets/Serial/Res/Map/Map_20061/Map_20061_1/ev_e_0042_ 1;Assets/GameAssets/Serial/Res/Map/Map_20061/Map_20061_1/ev_e_0048,/layers/[0]/objects/[0]/properties/{name=product_group_id};/layers/[0]/objects/[1]/properties/{name=product_group_id}
107,194,<IC_HEAD>Green Beret,21,Armor,0,0,Jachol,Assets/GameAssets/Serial/Res/Map/Map_20081/Map_20081_5/entity_default,/layers/[0]/objects/[4]/properties/{name=product_group_id}
108,221,<IC_CLTH>Ninja Suit,21,Armor,0,0,Jachol,Assets/GameAssets/Serial/Res/Map/Map_20081/Map_20081_5/entity_default,/layers/[0]/objects/[4]/properties/{name=product_group_id}
109,228,<IC_CLTH>Sage's Surplice,21,Armor,0,0,Jachol,Assets/GameAssets/Serial/Res/Map/Map_20081/Map_20081_5/entity_default,/layers/[0]/objects/[4]/properties/{name=product_group_id}
110,191,<IC_HEAD>Plumed Hat,22,Armor,0,0,Crescent,Assets/GameAssets/Serial/Res/Map/Map_20101/Map_20101_4/entity_default,/layers/[0]/objects/[2]/properties/{name=product_group_id}
111,228,<IC_CLTH>Sage's Surplice,22,Armor,0,0,Crescent,Assets/GameAssets/Serial/Res/Map/Map_20101/Map_20101_4/entity_default,/layers/[0]/objects/[2]/properties/{name=product_group_id}
112,182,<IC_SHIELD>Golden Shield,23,Armor,0,0,Regole,Assets/GameAssets/Serial/Res/Map/Map_20151/Map_20151_2/entity_default,/layers/[0]/objects/[6]/properties/{name=product_group_id}
113,207,<IC_HEAD>Golden Helm,23,Armor,0,0,Regole,Assets/GameAssets/Serial/Res/Map/Map_20151/Map_20151_2/entity_default,/layers/[0]/objects/[6]/properties/{name=product_group_id}
114,194,<IC_HEAD>Green Beret,23,Armor,0,0,Regole,Assets/GameAssets/Serial/Res/Map/Map_20151/Map_20151_2/entity_default,/layers/[0]/objects/[6]/properties/{name=product_group_id}
115,199,<IC_HEAD>Wizard's Hat,23,Armor,0,0,Regole,Assets/GameAssets/Serial/Res/Map/Map_20151/Map_20151_2/entity_default,/layers/[0]/objects/[6]/properties/{name=product_group_id}
116,237,<IC_ARMOR>Golden Armor,23,Armor,0,0,Regole,Assets/GameAssets/Serial/Res/Map/Map_20151/Map_20151_2/entity_default,/layers/[0]/objects/[6]/properties/{name=product_group_id}
117,221,<IC_CLTH>Ninja Suit,23,Armor,0,0,Regole,Assets/GameAssets/Serial/Res/Map/Map_20151/Map_20151_2/entity_default,/layers/[0]/objects/[6]/properties/{name=product_group_id}
118,229,<IC_CLTH>Gaia Gear,23,Armor,0,0,Regole,Assets/GameAssets/Serial/Res/Map/Map_20151/Map_20151_2/entity_default,/layers/[0]/objects/[6]/properties/{name=product_group_id}
119,184,<IC_SHIELD>Diamond Shield,24,Armor,0,0,Moore,Assets/GameAssets/Serial/Res/Map/Map_20161/Map_20161_2/entity_default,/layers/[0]/objects/[2]/properties/{name=product_group_id}
120,208,<IC_HEAD>Diamond Helm,24,Armor,0,0,Moore,Assets/GameAssets/Serial/Res/Map/Map_20161/Map_20161_2/entity_default,/layers/[0]/objects/[2]/properties/{name=product_group_id}
121,196,<IC_HEAD>Tiger Mask,24,Armor,0,0,Moore,Assets/GameAssets/Serial/Res/Map/Map_20161/Map_20161_2/entity_default,/layers/[0]/objects/[2]/properties/{name=product_group_id}
122,200,<IC_HEAD>Sage's Miter,24,Armor,0,0,Moore,Assets/GameAssets/Serial/Res/Map/Map_20161/Map_20161_2/entity_default,/layers/[0]/objects/[2]/properties/{name=product_group_id}
123,238,<IC_ARMOR>Diamond Armor,24,Armor,0,0,Moore,Assets/GameAssets/Serial/Res/Map/Map_20161/Map_20161_2/entity_default,/layers/[0]/objects/[2]/properties/{name=product_group_id}
124,223,<IC_ARMOR>Diamond Plate,24,Armor,0,0,Moore,Assets/GameAssets/Serial/Res/Map/Map_20161/Map_20161_2/entity_default,/layers/[0]/objects/[2]/properties/{name=product_group_id}
125,230,<IC_CLTH>Luminous Robe,24,Armor,0,0,Moore,Assets/GameAssets/Serial/Res/Map/Map_20161/Map_20161_2/entity_default,/layers/[0]/objects/[2]/properties/{name=product_group_id}
126,249,<IC_RING>Diamond Armlet,24,Armor,0,0,Moore,Assets/GameAssets/Serial/Res/Map/Map_20161/Map_20161_2/entity_default,/layers/[0]/objects/[2]/properties/{name=product_group_id}
127,195,<IC_HEAD>Headband,25,Armor,0,0,Quelb,Assets/GameAssets/Serial/Res/Map/Map_20181/Map_20181_2/entity_default,/layers/[0]/objects/[2]/properties/{name=product_group_id}
128,222,<IC_CLTH>Power Sash,25,Armor,0,0,Quelb,Assets/GameAssets/Serial/Res/Map/Map_20181/Map_20181_2/entity_default,/layers/[0]/objects/[2]/properties/{name=product_group_id}
129,248,<IC_RING>Power Armlet,25,Armor,0,0,Quelb,Assets/GameAssets/Serial/Res/Map/Map_20181/Map_20181_2/entity_default,/layers/[0]/objects/[2]/properties/{name=product_group_id}
130,182,<IC_SHIELD>Golden Shield,26,Armor,0,0,Quelb;Castle of Bal,Assets/GameAssets/Serial/Res/Map/Map_20181/Map_20181_2/entity_default;Assets/GameAssets/Serial/Res/Map/Map_20191/Map_20191_1/entity_default,/layers/[0]/objects/[4]/properties/{name=product_group_id};/layers/[0]/objects/[7]/properties/{name=product_group_id}
131,207,<IC_HEAD>Golden Helm,26,Armor,0,0,Quelb;Castle of Bal,Assets/GameAssets/Serial/Res/Map/Map_20181/Map_20181_2/entity_default;Assets/GameAssets/Serial/Res/Map/Map_20191/Map_20191_1/entity_default,/layers/[0]/objects/[4]/properties/{name=product_group_id};/layers/[0]/objects/[7]/properties/{name=product_group_id}
132,194,<IC_HEAD>Green Beret,26,Armor,0,0,Quelb;Castle of Bal,Assets/GameAssets/Serial/Res/Map/Map_20181/Map_20181_2/entity_default;Assets/GameAssets/Serial/Res/Map/Map_20191/Map_20191_1/entity_default,/layers/[0]/objects/[4]/properties/{name=product_group_id};/layers/[0]/objects/[7]/properties/{name=product_group_id}
133,199,<IC_HEAD>Wizard's Hat,26,Armor,0,0,Quelb;Castle of Bal,Assets/GameAssets/Serial/Res/Map/Map_20181/Map_20181_2/entity_default;Assets/GameAssets/Serial/Res/Map/Map_20191/Map_20191_1/entity_default,/layers/[0]/objects/[4]/properties/{name=product_group_id};/layers/[0]/objects/[7]/properties/{name=product_group_id}
134,237,<IC_ARMOR>Golden Armor,26,Armor,0,0,Quelb;Castle of Bal,Assets/GameAssets/Serial/Res/Map/Map_20181/Map_20181_2/entity_default;Assets/GameAssets/Serial/Res/Map/Map_20191/Map_20191_1/entity_default,/layers/[0]/objects/[4]/properties/{name=product_group_id};/layers/[0]/objects/[7]/properties/{name=product_group_id}
135,221,<IC_CLTH>Ninja Suit,26,Armor,0,0,Quelb;Castle of Bal,Assets/GameAssets/Serial/Res/Map/Map_20181/Map_20181_2/entity_default;Assets/GameAssets/Serial/Res/Map/Map_20191/Map_20191_1/entity_default,/layers/[0]/objects/[4]/properties/{name=product_group_id};/layers/[0]/objects/[7]/properties/{name=product_group_id}
136,229,<IC_CLTH>Gaia Gear,26,Armor,0,0,Quelb;Castle of Bal,Assets/GameAssets/Serial/Res/Map/Map_20181/Map_20181_2/entity_default;Assets/GameAssets/Serial/Res/Map/Map_20191/Map_20191_1/entity_default,/layers/[0]/objects/[4]/properties/{name=product_group_id};/layers/[0]/objects/[7]/properties/{name=product_group_id}
137,244,<IC_RING>Gauntlets,26,Armor,0,0,Quelb;Castle of Bal,Assets/GameAssets/Serial/Res/Map/Map_20181/Map_20181_2/entity_default;Assets/GameAssets/Serial/Res/Map/Map_20191/Map_20191_1/entity_default,/layers/[0]/objects/[4]/properties/{name=product_group_id};/layers/[0]/objects/[7]/properties/{name=product_group_id}
138,182,<IC_SHIELD>Golden Shield,27,Armor,0,0,Surgate Castle,Assets/GameAssets/Serial/Res/Map/Map_20171/Map_20171_4/entity_default,/layers/[0]/objects/[11]/properties/{name=product_group_id}
139,207,<IC_HEAD>Golden Helm,27,Armor,0,0,Surgate Castle,Assets/GameAssets/Serial/Res/Map/Map_20171/Map_20171_4/entity_default,/layers/[0]/objects/[11]/properties/{name=product_group_id}
140,195,<IC_HEAD>Headband,27,Armor,0,0,Surgate Castle,Assets/GameAssets/Serial/Res/Map/Map_20171/Map_20171_4/entity_default,/layers/[0]/objects/[11]/properties/{name=product_group_id}
141,199,<IC_HEAD>Wizard's Hat,27,Armor,0,0,Surgate Castle,Assets/GameAssets/Serial/Res/Map/Map_20171/Map_20171_4/entity_default,/layers/[0]/objects/[11]/properties/{name=product_group_id}
142,237,<IC_ARMOR>Golden Armor,27,Armor,0,0,Surgate Castle,Assets/GameAssets/Serial/Res/Map/Map_20171/Map_20171_4/entity_default,/layers/[0]/objects/[11]/properties/{name=product_group_id}
143,222,<IC_CLTH>Power Sash,27,Armor,0,0,Surgate Castle,Assets/GameAssets/Serial/Res/Map/Map_20171/Map_20171_4/entity_default,/layers/[0]/objects/[11]/properties/{name=product_group_id}
144,229,<IC_CLTH>Gaia Gear,27,Armor,0,0,Surgate Castle,Assets/GameAssets/Serial/Res/Map/Map_20171/Map_20171_4/entity_default,/layers/[0]/objects/[11]/properties/{name=product_group_id}
145,244,<IC_RING>Gauntlets,27,Armor,0,0,Surgate Castle,Assets/GameAssets/Serial/Res/Map/Map_20171/Map_20171_4/entity_default,/layers/[0]/objects/[11]/properties/{name=product_group_id}
146,187,<IC_SHIELD>Crystal Shield,28,Armor,0,0,<MISSING>,<MISSING>,<MISSING>
147,209,<IC_HEAD>Crystal Helm,28,Armor,0,0,<MISSING>,<MISSING>,<MISSING>
148,197,<IC_HEAD>Black Cowl,28,Armor,0,0,<MISSING>,<MISSING>,<MISSING>
149,201,<IC_HEAD>Circlet,28,Armor,0,0,<MISSING>,<MISSING>,<MISSING>
150,239,<IC_ARMOR>Crystal Armor,28,Armor,0,0,<MISSING>,<MISSING>,<MISSING>
151,224,<IC_CLTH>Black Garb,28,Armor,0,0,<MISSING>,<MISSING>,<MISSING>
152,231,<IC_CLTH>Black Robe,28,Armor,0,0,<MISSING>,<MISSING>,<MISSING>
153,232,<IC_CLTH>White Robe,28,Armor,0,0,<MISSING>,<MISSING>,<MISSING>
154,194,<IC_HEAD>Green Beret,29,Armor,0,0,Lix,Assets/GameAssets/Serial/Res/Map/Map_20121/Map_20121_5/entity_default,/layers/[0]/objects/[3]/properties/{name=product_group_id}
155,221,<IC_CLTH>Ninja Suit,29,Armor,0,0,Lix,Assets/GameAssets/Serial/Res/Map/Map_20121/Map_20121_5/entity_default,/layers/[0]/objects/[3]/properties/{name=product_group_id}
156,187,<IC_SHIELD>Crystal Shield,30,Armor,0,0,Phantom Village,Assets/GameAssets/Serial/Res/Map/Map_20201/Map_20201_6/entity_default,/layers/[0]/objects/[6]/properties/{name=product_group_id}
157,209,<IC_HEAD>Crystal Helm,30,Armor,0,0,Phantom Village,Assets/GameAssets/Serial/Res/Map/Map_20201/Map_20201_6/entity_default,/layers/[0]/objects/[6]/properties/{name=product_group_id}
158,197,<IC_HEAD>Black Cowl,30,Armor,0,0,Phantom Village,Assets/GameAssets/Serial/Res/Map/Map_20201/Map_20201_6/entity_default,/layers/[0]/objects/[6]/properties/{name=product_group_id}
159,201,<IC_HEAD>Circlet,30,Armor,0,0,Phantom Village,Assets/GameAssets/Serial/Res/Map/Map_20201/Map_20201_6/entity_default,/layers/[0]/objects/[6]/properties/{name=product_group_id}
160,239,<IC_ARMOR>Crystal Armor,30,Armor,0,0,Phantom Village,Assets/GameAssets/Serial/Res/Map/Map_20201/Map_20201_6/entity_default,/layers/[0]/objects/[6]/properties/{name=product_group_id}
161,224,<IC_CLTH>Black Garb,30,Armor,0,0,Phantom Village,Assets/GameAssets/Serial/Res/Map/Map_20201/Map_20201_6/entity_default,/layers/[0]/objects/[6]/properties/{name=product_group_id}
162,231,<IC_CLTH>Black Robe,30,Armor,0,0,Phantom Village,Assets/GameAssets/Serial/Res/Map/Map_20201/Map_20201_6/entity_default,/layers/[0]/objects/[6]/properties/{name=product_group_id}
163,232,<IC_CLTH>White Robe,30,Armor,0,0,Phantom Village,Assets/GameAssets/Serial/Res/Map/Map_20201/Map_20201_6/entity_default,/layers/[0]/objects/[6]/properties/{name=product_group_id}
164,2,<IC_DRAG>Potion,31,Items,0,0,Tule,Assets/GameAssets/Serial/Res/Map/Map_20011/Map_20011_5/entity_default,/layers/[0]/objects/[0]/properties/{name=product_group_id}
165,12,<IC_TENTO>Tent,31,Items,0,0,Tule,Assets/GameAssets/Serial/Res/Map/Map_20011/Map_20011_5/entity_default,/layers/[0]/objects/[0]/properties/{name=product_group_id}
166,5,<IC_DRAG>Ether,32,Items,-750,0,Lix,Assets/GameAssets/Serial/Res/Map/Map_20121/Map_20121_4/entity_default,/layers/[0]/objects/[4]/properties/{name=product_group_id}
167,2,<IC_DRAG>Potion,32,Items,-20,0,Lix,Assets/GameAssets/Serial/Res/Map/Map_20121/Map_20121_4/entity_default,/layers/[0]/objects/[4]/properties/{name=product_group_id}
168,6,<IC_BAG>Antidote,32,Items,-15,0,Lix,Assets/GameAssets/Serial/Res/Map/Map_20121/Map_20121_4/entity_default,/layers/[0]/objects/[4]/properties/{name=product_group_id}
169,7,<IC_BAG>Eye Drops,32,Items,-10,0,Lix,Assets/GameAssets/Serial/Res/Map/Map_20121/Map_20121_4/entity_default,/layers/[0]/objects/[4]/properties/{name=product_group_id}
170,10,<IC_BAG>Mallet,32,Items,-25,0,Lix,Assets/GameAssets/Serial/Res/Map/Map_20121/Map_20121_4/entity_default,/layers/[0]/objects/[4]/properties/{name=product_group_id}
171,9,<IC_BAG>Maiden's Kiss,32,Items,-30,0,Lix,Assets/GameAssets/Serial/Res/Map/Map_20121/Map_20121_4/entity_default,/layers/[0]/objects/[4]/properties/{name=product_group_id}
172,8,<IC_BAG>Gold Needle,32,Items,-75,0,Lix,Assets/GameAssets/Serial/Res/Map/Map_20121/Map_20121_4/entity_default,/layers/[0]/objects/[4]/properties/{name=product_group_id}
173,12,<IC_TENTO>Tent,32,Items,-125,0,Lix,Assets/GameAssets/Serial/Res/Map/Map_20121/Map_20121_4/entity_default,/layers/[0]/objects/[4]/properties/{name=product_group_id}
174,2,<IC_DRAG>Potion,33,Items,0,0,Carwen;Walse;Karnak;Jachol;Istory;Crescent,Assets/GameAssets/Serial/Res/Map/Map_20021/Map_20021_3/entity_default;Assets/GameAssets/Serial/Res/Map/Map_20031/Map_20031_2/entity_default;Assets/GameAssets/Serial/Res/Map/Map_20061/Map_20061_2/entity_default;Assets/GameAssets/Serial/Res/Map/Map_20081/Map_20081_2/entity_default;Assets/GameAssets/Serial/Res/Map/Map_20091/Map_20091_2/entity_default;Assets/GameAssets/Serial/Res/Map/Map_20101/Map_20101_1/entity_default,/layers/[0]/objects/[2]/properties/{name=product_group_id};/layers/[0]/objects/[4]/properties/{name=product_group_id};/layers/[0]/objects/[6]/properties/{name=product_group_id};/layers/[0]/objects/[4]/properties/{name=product_group_id};/layers/[0]/objects/[3]/properties/{name=product_group_id};/layers/[0]/objects/[9]/properties/{name=product_group_id}
175,6,<IC_BAG>Antidote,33,Items,0,0,Carwen;Walse;Karnak;Jachol;Istory;Crescent,Assets/GameAssets/Serial/Res/Map/Map_20021/Map_20021_3/entity_default;Assets/GameAssets/Serial/Res/Map/Map_20031/Map_20031_2/entity_default;Assets/GameAssets/Serial/Res/Map/Map_20061/Map_20061_2/entity_default;Assets/GameAssets/Serial/Res/Map/Map_20081/Map_20081_2/entity_default;Assets/GameAssets/Serial/Res/Map/Map_20091/Map_20091_2/entity_default;Assets/GameAssets/Serial/Res/Map/Map_20101/Map_20101_1/entity_default,/layers/[0]/objects/[2]/properties/{name=product_group_id};/layers/[0]/objects/[4]/properties/{name=product_group_id};/layers/[0]/objects/[6]/properties/{name=product_group_id};/layers/[0]/objects/[4]/properties/{name=product_group_id};/layers/[0]/objects/[3]/properties/{name=product_group_id};/layers/[0]/objects/[9]/properties/{name=product_group_id}
176,7,<IC_BAG>Eye Drops,33,Items,0,0,Carwen;Walse;Karnak;Jachol;Istory;Crescent,Assets/GameAssets/Serial/Res/Map/Map_20021/Map_20021_3/entity_default;Assets/GameAssets/Serial/Res/Map/Map_20031/Map_20031_2/entity_default;Assets/GameAssets/Serial/Res/Map/Map_20061/Map_20061_2/entity_default;Assets/GameAssets/Serial/Res/Map/Map_20081/Map_20081_2/entity_default;Assets/GameAssets/Serial/Res/Map/Map_20091/Map_20091_2/entity_default;Assets/GameAssets/Serial/Res/Map/Map_20101/Map_20101_1/entity_default,/layers/[0]/objects/[2]/properties/{name=product_group_id};/layers/[0]/objects/[4]/properties/{name=product_group_id};/layers/[0]/objects/[6]/properties/{name=product_group_id};/layers/[0]/objects/[4]/properties/{name=product_group_id};/layers/[0]/objects/[3]/properties/{name=product_group_id};/layers/[0]/objects/[9]/properties/{name=product_group_id}
177,9,<IC_BAG>Maiden's Kiss,33,Items,0,0,Carwen;Walse;Karnak;Jachol;Istory;Crescent,Assets/GameAssets/Serial/Res/Map/Map_20021/Map_20021_3/entity_default;Assets/GameAssets/Serial/Res/Map/Map_20031/Map_20031_2/entity_default;Assets/GameAssets/Serial/Res/Map/Map_20061/Map_20061_2/entity_default;Assets/GameAssets/Serial/Res/Map/Map_20081/Map_20081_2/entity_default;Assets/GameAssets/Serial/Res/Map/Map_20091/Map_20091_2/entity_default;Assets/GameAssets/Serial/Res/Map/Map_20101/Map_20101_1/entity_default,/layers/[0]/objects/[2]/properties/{name=product_group_id};/layers/[0]/objects/[4]/properties/{name=product_group_id};/layers/[0]/objects/[6]/properties/{name=product_group_id};/layers/[0]/objects/[4]/properties/{name=product_group_id};/layers/[0]/objects/[3]/properties/{name=product_group_id};/layers/[0]/objects/[9]/properties/{name=product_group_id}
178,10,<IC_BAG>Mallet,33,Items,0,0,Carwen;Walse;Karnak;Jachol;Istory;Crescent,Assets/GameAssets/Serial/Res/Map/Map_20021/Map_20021_3/entity_default;Assets/GameAssets/Serial/Res/Map/Map_20031/Map_20031_2/entity_default;Assets/GameAssets/Serial/Res/Map/Map_20061/Map_20061_2/entity_default;Assets/GameAssets/Serial/Res/Map/Map_20081/Map_20081_2/entity_default;Assets/GameAssets/Serial/Res/Map/Map_20091/Map_20091_2/entity_default;Assets/GameAssets/Serial/Res/Map/Map_20101/Map_20101_1/entity_default,/layers/[0]/objects/[2]/properties/{name=product_group_id};/layers/[0]/objects/[4]/properties/{name=product_group_id};/layers/[0]/objects/[6]/properties/{name=product_group_id};/layers/[0]/objects/[4]/properties/{name=product_group_id};/layers/[0]/objects/[3]/properties/{name=product_group_id};/layers/[0]/objects/[9]/properties/{name=product_group_id}
179,8,<IC_BAG>Gold Needle,33,Items,0,0,Carwen;Walse;Karnak;Jachol;Istory;Crescent,Assets/GameAssets/Serial/Res/Map/Map_20021/Map_20021_3/entity_default;Assets/GameAssets/Serial/Res/Map/Map_20031/Map_20031_2/entity_default;Assets/GameAssets/Serial/Res/Map/Map_20061/Map_20061_2/entity_default;Assets/GameAssets/Serial/Res/Map/Map_20081/Map_20081_2/entity_default;Assets/GameAssets/Serial/Res/Map/Map_20091/Map_20091_2/entity_default;Assets/GameAssets/Serial/Res/Map/Map_20101/Map_20101_1/entity_default,/layers/[0]/objects/[2]/properties/{name=product_group_id};/layers/[0]/objects/[4]/properties/{name=product_group_id};/layers/[0]/objects/[6]/properties/{name=product_group_id};/layers/[0]/objects/[4]/properties/{name=product_group_id};/layers/[0]/objects/[3]/properties/{name=product_group_id};/layers/[0]/objects/[9]/properties/{name=product_group_id}
180,4,<IC_BAG>Phoenix Down,33,Items,0,0,Carwen;Walse;Karnak;Jachol;Istory;Crescent,Assets/GameAssets/Serial/Res/Map/Map_20021/Map_20021_3/entity_default;Assets/GameAssets/Serial/Res/Map/Map_20031/Map_20031_2/entity_default;Assets/GameAssets/Serial/Res/Map/Map_20061/Map_20061_2/entity_default;Assets/GameAssets/Serial/Res/Map/Map_20081/Map_20081_2/entity_default;Assets/GameAssets/Serial/Res/Map/Map_20091/Map_20091_2/entity_default;Assets/GameAssets/Serial/Res/Map/Map_20101/Map_20101_1/entity_default,/layers/[0]/objects/[2]/properties/{name=product_group_id};/layers/[0]/objects/[4]/properties/{name=product_group_id};/layers/[0]/objects/[6]/properties/{name=product_group_id};/layers/[0]/objects/[4]/properties/{name=product_group_id};/layers/[0]/objects/[3]/properties/{name=product_group_id};/layers/[0]/objects/[9]/properties/{name=product_group_id}
181,12,<IC_TENTO>Tent,33,Items,0,0,Carwen;Walse;Karnak;Jachol;Istory;Crescent,Assets/GameAssets/Serial/Res/Map/Map_20021/Map_20021_3/entity_default;Assets/GameAssets/Serial/Res/Map/Map_20031/Map_20031_2/entity_default;Assets/GameAssets/Serial/Res/Map/Map_20061/Map_20061_2/entity_default;Assets/GameAssets/Serial/Res/Map/Map_20081/Map_20081_2/entity_default;Assets/GameAssets/Serial/Res/Map/Map_20091/Map_20091_2/entity_default;Assets/GameAssets/Serial/Res/Map/Map_20101/Map_20101_1/entity_default,/layers/[0]/objects/[2]/properties/{name=product_group_id};/layers/[0]/objects/[4]/properties/{name=product_group_id};/layers/[0]/objects/[6]/properties/{name=product_group_id};/layers/[0]/objects/[4]/properties/{name=product_group_id};/layers/[0]/objects/[3]/properties/{name=product_group_id};/layers/[0]/objects/[9]/properties/{name=product_group_id}
182,2,<IC_DRAG>Potion,34,Items,0,0,<MISSING>,<MISSING>,<MISSING>
183,6,<IC_BAG>Antidote,34,Items,0,0,<MISSING>,<MISSING>,<MISSING>
184,7,<IC_BAG>Eye Drops,34,Items,0,0,<MISSING>,<MISSING>,<MISSING>
185,9,<IC_BAG>Maiden's Kiss,34,Items,0,0,<MISSING>,<MISSING>,<MISSING>
186,10,<IC_BAG>Mallet,34,Items,0,0,<MISSING>,<MISSING>,<MISSING>
187,8,<IC_BAG>Gold Needle,34,Items,0,0,<MISSING>,<MISSING>,<MISSING>
188,4,<IC_BAG>Phoenix Down,34,Items,0,0,<MISSING>,<MISSING>,<MISSING>
189,12,<IC_TENTO>Tent,34,Items,0,0,<MISSING>,<MISSING>,<MISSING>
190,3,<IC_DRAG>Hi-Potion,35,Items,0,0,Regole;Moore;Surgate Castle;Quelb;Castle of Bal,Assets/GameAssets/Serial/Res/Map/Map_20151/Map_20151_4/entity_default;Assets/GameAssets/Serial/Res/Map/Map_20161/Map_20161_3/entity_default;Assets/GameAssets/Serial/Res/Map/Map_20171/Map_20171_4/entity_default;Assets/GameAssets/Serial/Res/Map/Map_20181/Map_20181_3/entity_default;Assets/GameAssets/Serial/Res/Map/Map_20191/Map_20191_3/entity_default,/layers/[0]/objects/[2]/properties/{name=product_group_id};/layers/[0]/objects/[6]/properties/{name=product_group_id};/layers/[0]/objects/[10]/properties/{name=product_group_id};/layers/[0]/objects/[4]/properties/{name=product_group_id};/layers/[0]/objects/[8]/properties/{name=product_group_id}
191,2,<IC_DRAG>Potion,35,Items,0,0,Regole;Moore;Surgate Castle;Quelb;Castle of Bal,Assets/GameAssets/Serial/Res/Map/Map_20151/Map_20151_4/entity_default;Assets/GameAssets/Serial/Res/Map/Map_20161/Map_20161_3/entity_default;Assets/GameAssets/Serial/Res/Map/Map_20171/Map_20171_4/entity_default;Assets/GameAssets/Serial/Res/Map/Map_20181/Map_20181_3/entity_default;Assets/GameAssets/Serial/Res/Map/Map_20191/Map_20191_3/entity_default,/layers/[0]/objects/[2]/properties/{name=product_group_id};/layers/[0]/objects/[6]/properties/{name=product_group_id};/layers/[0]/objects/[10]/properties/{name=product_group_id};/layers/[0]/objects/[4]/properties/{name=product_group_id};/layers/[0]/objects/[8]/properties/{name=product_group_id}
192,4,<IC_BAG>Phoenix Down,35,Items,0,0,Regole;Moore;Surgate Castle;Quelb;Castle of Bal,Assets/GameAssets/Serial/Res/Map/Map_20151/Map_20151_4/entity_default;Assets/GameAssets/Serial/Res/Map/Map_20161/Map_20161_3/entity_default;Assets/GameAssets/Serial/Res/Map/Map_20171/Map_20171_4/entity_default;Assets/GameAssets/Serial/Res/Map/Map_20181/Map_20181_3/entity_default;Assets/GameAssets/Serial/Res/Map/Map_20191/Map_20191_3/entity_default,/layers/[0]/objects/[2]/properties/{name=product_group_id};/layers/[0]/objects/[6]/properties/{name=product_group_id};/layers/[0]/objects/[10]/properties/{name=product_group_id};/layers/[0]/objects/[4]/properties/{name=product_group_id};/layers/[0]/objects/[8]/properties/{name=product_group_id}
193,8,<IC_BAG>Gold Needle,35,Items,0,0,Regole;Moore;Surgate Castle;Quelb;Castle of Bal,Assets/GameAssets/Serial/Res/Map/Map_20151/Map_20151_4/entity_default;Assets/GameAssets/Serial/Res/Map/Map_20161/Map_20161_3/entity_default;Assets/GameAssets/Serial/Res/Map/Map_20171/Map_20171_4/entity_default;Assets/GameAssets/Serial/Res/Map/Map_20181/Map_20181_3/entity_default;Assets/GameAssets/Serial/Res/Map/Map_20191/Map_20191_3/entity_default,/layers/[0]/objects/[2]/properties/{name=product_group_id};/layers/[0]/objects/[6]/properties/{name=product_group_id};/layers/[0]/objects/[10]/properties/{name=product_group_id};/layers/[0]/objects/[4]/properties/{name=product_group_id};/layers/[0]/objects/[8]/properties/{name=product_group_id}
194,9,<IC_BAG>Maiden's Kiss,35,Items,0,0,Regole;Moore;Surgate Castle;Quelb;Castle of Bal,Assets/GameAssets/Serial/Res/Map/Map_20151/Map_20151_4/entity_default;Assets/GameAssets/Serial/Res/Map/Map_20161/Map_20161_3/entity_default;Assets/GameAssets/Serial/Res/Map/Map_20171/Map_20171_4/entity_default;Assets/GameAssets/Serial/Res/Map/Map_20181/Map_20181_3/entity_default;Assets/GameAssets/Serial/Res/Map/Map_20191/Map_20191_3/entity_default,/layers/[0]/objects/[2]/properties/{name=product_group_id};/layers/[0]/objects/[6]/properties/{name=product_group_id};/layers/[0]/objects/[10]/properties/{name=product_group_id};/layers/[0]/objects/[4]/properties/{name=product_group_id};/layers/[0]/objects/[8]/properties/{name=product_group_id}
195,10,<IC_BAG>Mallet,35,Items,0,0,Regole;Moore;Surgate Castle;Quelb;Castle of Bal,Assets/GameAssets/Serial/Res/Map/Map_20151/Map_20151_4/entity_default;Assets/GameAssets/Serial/Res/Map/Map_20161/Map_20161_3/entity_default;Assets/GameAssets/Serial/Res/Map/Map_20171/Map_20171_4/entity_default;Assets/GameAssets/Serial/Res/Map/Map_20181/Map_20181_3/entity_default;Assets/GameAssets/Serial/Res/Map/Map_20191/Map_20191_3/entity_default,/layers/[0]/objects/[2]/properties/{name=product_group_id};/layers/[0]/objects/[6]/properties/{name=product_group_id};/layers/[0]/objects/[10]/properties/{name=product_group_id};/layers/[0]/objects/[4]/properties/{name=product_group_id};/layers/[0]/objects/[8]/properties/{name=product_group_id}
196,7,<IC_BAG>Eye Drops,35,Items,0,0,Regole;Moore;Surgate Castle;Quelb;Castle of Bal,Assets/GameAssets/Serial/Res/Map/Map_20151/Map_20151_4/entity_default;Assets/GameAssets/Serial/Res/Map/Map_20161/Map_20161_3/entity_default;Assets/GameAssets/Serial/Res/Map/Map_20171/Map_20171_4/entity_default;Assets/GameAssets/Serial/Res/Map/Map_20181/Map_20181_3/entity_default;Assets/GameAssets/Serial/Res/Map/Map_20191/Map_20191_3/entity_default,/layers/[0]/objects/[2]/properties/{name=product_group_id};/layers/[0]/objects/[6]/properties/{name=product_group_id};/layers/[0]/objects/[10]/properties/{name=product_group_id};/layers/[0]/objects/[4]/properties/{name=product_group_id};/layers/[0]/objects/[8]/properties/{name=product_group_id}
197,6,<IC_BAG>Antidote,35,Items,0,0,Regole;Moore;Surgate Castle;Quelb;Castle of Bal,Assets/GameAssets/Serial/Res/Map/Map_20151/Map_20151_4/entity_default;Assets/GameAssets/Serial/Res/Map/Map_20161/Map_20161_3/entity_default;Assets/GameAssets/Serial/Res/Map/Map_20171/Map_20171_4/entity_default;Assets/GameAssets/Serial/Res/Map/Map_20181/Map_20181_3/entity_default;Assets/GameAssets/Serial/Res/Map/Map_20191/Map_20191_3/entity_default,/layers/[0]/objects/[2]/properties/{name=product_group_id};/layers/[0]/objects/[6]/properties/{name=product_group_id};/layers/[0]/objects/[10]/properties/{name=product_group_id};/layers/[0]/objects/[4]/properties/{name=product_group_id};/layers/[0]/objects/[8]/properties/{name=product_group_id}
198,5,<IC_DRAG>Ether,36,Items,0,0,Regole;Moore;Surgate Castle;Quelb;Castle of Bal,Assets/GameAssets/Serial/Res/Map/Map_20151/Map_20151_4/entity_default;Assets/GameAssets/Serial/Res/Map/Map_20161/Map_20161_3/entity_default;Assets/GameAssets/Serial/Res/Map/Map_20171/Map_20171_4/entity_default;Assets/GameAssets/Serial/Res/Map/Map_20181/Map_20181_3/entity_default;Assets/GameAssets/Serial/Res/Map/Map_20191/Map_20191_3/entity_default,/layers/[0]/objects/[4]/properties/{name=product_group_id};/layers/[0]/objects/[7]/properties/{name=product_group_id};/layers/[0]/objects/[9]/properties/{name=product_group_id};/layers/[0]/objects/[2]/properties/{name=product_group_id};/layers/[0]/objects/[7]/properties/{name=product_group_id}
199,11,<IC_BAG>Holy Water,36,Items,0,0,Regole;Moore;Surgate Castle;Quelb;Castle of Bal,Assets/GameAssets/Serial/Res/Map/Map_20151/Map_20151_4/entity_default;Assets/GameAssets/Serial/Res/Map/Map_20161/Map_20161_3/entity_default;Assets/GameAssets/Serial/Res/Map/Map_20171/Map_20171_4/entity_default;Assets/GameAssets/Serial/Res/Map/Map_20181/Map_20181_3/entity_default;Assets/GameAssets/Serial/Res/Map/Map_20191/Map_20191_3/entity_default,/layers/[0]/objects/[4]/properties/{name=product_group_id};/layers/[0]/objects/[7]/properties/{name=product_group_id};/layers/[0]/objects/[9]/properties/{name=product_group_id};/layers/[0]/objects/[2]/properties/{name=product_group_id};/layers/[0]/objects/[7]/properties/{name=product_group_id}
200,13,<IC_TENTO>Cottage,36,Items,0,0,Regole;Moore;Surgate Castle;Quelb;Castle of Bal,Assets/GameAssets/Serial/Res/Map/Map_20151/Map_20151_4/entity_default;Assets/GameAssets/Serial/Res/Map/Map_20161/Map_20161_3/entity_default;Assets/GameAssets/Serial/Res/Map/Map_20171/Map_20171_4/entity_default;Assets/GameAssets/Serial/Res/Map/Map_20181/Map_20181_3/entity_default;Assets/GameAssets/Serial/Res/Map/Map_20191/Map_20191_3/entity_default,/layers/[0]/objects/[4]/properties/{name=product_group_id};/layers/[0]/objects/[7]/properties/{name=product_group_id};/layers/[0]/objects/[9]/properties/{name=product_group_id};/layers/[0]/objects/[2]/properties/{name=product_group_id};/layers/[0]/objects/[7]/properties/{name=product_group_id}
201,15,<IC_BAG>Goliath Tonic,36,Items,0,0,Regole;Moore;Surgate Castle;Quelb;Castle of Bal,Assets/GameAssets/Serial/Res/Map/Map_20151/Map_20151_4/entity_default;Assets/GameAssets/Serial/Res/Map/Map_20161/Map_20161_3/entity_default;Assets/GameAssets/Serial/Res/Map/Map_20171/Map_20171_4/entity_default;Assets/GameAssets/Serial/Res/Map/Map_20181/Map_20181_3/entity_default;Assets/GameAssets/Serial/Res/Map/Map_20191/Map_20191_3/entity_default,/layers/[0]/objects/[4]/properties/{name=product_group_id};/layers/[0]/objects/[7]/properties/{name=product_group_id};/layers/[0]/objects/[9]/properties/{name=product_group_id};/layers/[0]/objects/[2]/properties/{name=product_group_id};/layers/[0]/objects/[7]/properties/{name=product_group_id}
202,16,<IC_BAG>Power Drink,36,Items,0,0,Regole;Moore;Surgate Castle;Quelb;Castle of Bal,Assets/GameAssets/Serial/Res/Map/Map_20151/Map_20151_4/entity_default;Assets/GameAssets/Serial/Res/Map/Map_20161/Map_20161_3/entity_default;Assets/GameAssets/Serial/Res/Map/Map_20171/Map_20171_4/entity_default;Assets/GameAssets/Serial/Res/Map/Map_20181/Map_20181_3/entity_default;Assets/GameAssets/Serial/Res/Map/Map_20191/Map_20191_3/entity_default,/layers/[0]/objects/[4]/properties/{name=product_group_id};/layers/[0]/objects/[7]/properties/{name=product_group_id};/layers/[0]/objects/[9]/properties/{name=product_group_id};/layers/[0]/objects/[2]/properties/{name=product_group_id};/layers/[0]/objects/[7]/properties/{name=product_group_id}
203,17,<IC_BAG>Speed Shake,36,Items,0,0,Regole;Moore;Surgate Castle;Quelb;Castle of Bal,Assets/GameAssets/Serial/Res/Map/Map_20151/Map_20151_4/entity_default;Assets/GameAssets/Serial/Res/Map/Map_20161/Map_20161_3/entity_default;Assets/GameAssets/Serial/Res/Map/Map_20171/Map_20171_4/entity_default;Assets/GameAssets/Serial/Res/Map/Map_20181/Map_20181_3/entity_default;Assets/GameAssets/Serial/Res/Map/Map_20191/Map_20191_3/entity_default,/layers/[0]/objects/[4]/properties/{name=product_group_id};/layers/[0]/objects/[7]/properties/{name=product_group_id};/layers/[0]/objects/[9]/properties/{name=product_group_id};/layers/[0]/objects/[2]/properties/{name=product_group_id};/layers/[0]/objects/[7]/properties/{name=product_group_id}
204,18,<IC_BAG>Iron Draft,36,Items,0,0,Regole;Moore;Surgate Castle;Quelb;Castle of Bal,Assets/GameAssets/Serial/Res/Map/Map_20151/Map_20151_4/entity_default;Assets/GameAssets/Serial/Res/Map/Map_20161/Map_20161_3/entity_default;Assets/GameAssets/Serial/Res/Map/Map_20171/Map_20171_4/entity_default;Assets/GameAssets/Serial/Res/Map/Map_20181/Map_20181_3/entity_default;Assets/GameAssets/Serial/Res/Map/Map_20191/Map_20191_3/entity_default,/layers/[0]/objects/[4]/properties/{name=product_group_id};/layers/[0]/objects/[7]/properties/{name=product_group_id};/layers/[0]/objects/[9]/properties/{name=product_group_id};/layers/[0]/objects/[2]/properties/{name=product_group_id};/layers/[0]/objects/[7]/properties/{name=product_group_id}
205,19,<IC_BAG>Hero Cocktail,36,Items,0,0,Regole;Moore;Surgate Castle;Quelb;Castle of Bal,Assets/GameAssets/Serial/Res/Map/Map_20151/Map_20151_4/entity_default;Assets/GameAssets/Serial/Res/Map/Map_20161/Map_20161_3/entity_default;Assets/GameAssets/Serial/Res/Map/Map_20171/Map_20171_4/entity_default;Assets/GameAssets/Serial/Res/Map/Map_20181/Map_20181_3/entity_default;Assets/GameAssets/Serial/Res/Map/Map_20191/Map_20191_3/entity_default,/layers/[0]/objects/[4]/properties/{name=product_group_id};/layers/[0]/objects/[7]/properties/{name=product_group_id};/layers/[0]/objects/[9]/properties/{name=product_group_id};/layers/[0]/objects/[2]/properties/{name=product_group_id};/layers/[0]/objects/[7]/properties/{name=product_group_id}
206,2,<IC_DRAG>Potion,37,Items,0,0,Phantom Village,Assets/GameAssets/Serial/Res/Map/Map_20201/Map_20201_2/entity_default,/layers/[0]/objects/[2]/properties/{name=product_group_id}
207,3,<IC_DRAG>Hi-Potion,37,Items,0,0,Phantom Village,Assets/GameAssets/Serial/Res/Map/Map_20201/Map_20201_2/entity_default,/layers/[0]/objects/[2]/properties/{name=product_group_id}
208,4,<IC_BAG>Phoenix Down,37,Items,0,0,Phantom Village,Assets/GameAssets/Serial/Res/Map/Map_20201/Map_20201_2/entity_default,/layers/[0]/objects/[2]/properties/{name=product_group_id}
209,9,<IC_BAG>Maiden's Kiss,37,Items,0,0,Phantom Village,Assets/GameAssets/Serial/Res/Map/Map_20201/Map_20201_2/entity_default,/layers/[0]/objects/[2]/properties/{name=product_group_id}
210,6,<IC_BAG>Antidote,37,Items,0,0,Phantom Village,Assets/GameAssets/Serial/Res/Map/Map_20201/Map_20201_2/entity_default,/layers/[0]/objects/[2]/properties/{name=product_group_id}
211,7,<IC_BAG>Eye Drops,37,Items,0,0,Phantom Village,Assets/GameAssets/Serial/Res/Map/Map_20201/Map_20201_2/entity_default,/layers/[0]/objects/[2]/properties/{name=product_group_id}
212,8,<IC_BAG>Gold Needle,37,Items,0,0,Phantom Village,Assets/GameAssets/Serial/Res/Map/Map_20201/Map_20201_2/entity_default,/layers/[0]/objects/[2]/properties/{name=product_group_id}
213,10,<IC_BAG>Mallet,37,Items,0,0,Phantom Village,Assets/GameAssets/Serial/Res/Map/Map_20201/Map_20201_2/entity_default,/layers/[0]/objects/[2]/properties/{name=product_group_id}
214,392,<IC_BMGC>Fire,38,Magic,0,1,Tule,Assets/GameAssets/Serial/Res/Map/Map_20011/Map_20011_8/entity_default,/layers/[0]/objects/[0]/properties/{name=product_group_id}
215,393,<IC_BMGC>Blizzard,38,Magic,0,1,Tule,Assets/GameAssets/Serial/Res/Map/Map_20011/Map_20011_8/entity_default,/layers/[0]/objects/[0]/properties/{name=product_group_id}
216,394,<IC_BMGC>Thunder,38,Magic,0,1,Tule,Assets/GameAssets/Serial/Res/Map/Map_20011/Map_20011_8/entity_default,/layers/[0]/objects/[0]/properties/{name=product_group_id}
217,374,<IC_WMGC>Cure,38,Magic,0,1,Tule,Assets/GameAssets/Serial/Res/Map/Map_20011/Map_20011_8/entity_default,/layers/[0]/objects/[0]/properties/{name=product_group_id}
218,375,<IC_WMGC>Libra,38,Magic,0,1,Tule,Assets/GameAssets/Serial/Res/Map/Map_20011/Map_20011_8/entity_default,/layers/[0]/objects/[0]/properties/{name=product_group_id}
219,376,<IC_WMGC>Poisona,38,Magic,0,1,Tule,Assets/GameAssets/Serial/Res/Map/Map_20011/Map_20011_8/entity_default,/layers/[0]/objects/[0]/properties/{name=product_group_id}
220,392,<IC_BMGC>Fire,39,Magic,0,1,Carwen,Assets/GameAssets/Serial/Res/Map/Map_20021/Map_20021_5/entity_default,/layers/[0]/objects/[2]/properties/{name=product_group_id}
221,393,<IC_BMGC>Blizzard,39,Magic,0,1,Carwen,Assets/GameAssets/Serial/Res/Map/Map_20021/Map_20021_5/entity_default,/layers/[0]/objects/[2]/properties/{name=product_group_id}
222,394,<IC_BMGC>Thunder,39,Magic,0,1,Carwen,Assets/GameAssets/Serial/Res/Map/Map_20021/Map_20021_5/entity_default,/layers/[0]/objects/[2]/properties/{name=product_group_id}
223,396,<IC_BMGC>Sleep,39,Magic,0,1,Carwen,Assets/GameAssets/Serial/Res/Map/Map_20021/Map_20021_5/entity_default,/layers/[0]/objects/[2]/properties/{name=product_group_id}
224,374,<IC_WMGC>Cure,39,Magic,0,1,Carwen,Assets/GameAssets/Serial/Res/Map/Map_20021/Map_20021_5/entity_default,/layers/[0]/objects/[2]/properties/{name=product_group_id}
225,376,<IC_WMGC>Poisona,39,Magic,0,1,Carwen,Assets/GameAssets/Serial/Res/Map/Map_20021/Map_20021_5/entity_default,/layers/[0]/objects/[2]/properties/{name=product_group_id}
226,377,<IC_WMGC>Silence,39,Magic,0,1,Carwen,Assets/GameAssets/Serial/Res/Map/Map_20021/Map_20021_5/entity_default,/layers/[0]/objects/[2]/properties/{name=product_group_id}
227,378,<IC_WMGC>Protect,39,Magic,0,1,Carwen,Assets/GameAssets/Serial/Res/Map/Map_20021/Map_20021_5/entity_default,/layers/[0]/objects/[2]/properties/{name=product_group_id}
228,411,<IC_TMGC>Slow,40,Magic,0,1,Walse,Assets/GameAssets/Serial/Res/Map/Map_20031/Map_20031_5/entity_default,/layers/[0]/objects/[2]/properties/{name=product_group_id}
229,412,<IC_TMGC>Regen,40,Magic,0,1,Walse,Assets/GameAssets/Serial/Res/Map/Map_20031/Map_20031_5/entity_default,/layers/[0]/objects/[2]/properties/{name=product_group_id}
230,413,<IC_TMGC>Mute,40,Magic,0,1,Walse,Assets/GameAssets/Serial/Res/Map/Map_20031/Map_20031_5/entity_default,/layers/[0]/objects/[2]/properties/{name=product_group_id}
231,414,<IC_TMGC>Haste,40,Magic,0,1,Walse,Assets/GameAssets/Serial/Res/Map/Map_20031/Map_20031_5/entity_default,/layers/[0]/objects/[2]/properties/{name=product_group_id}
232,428,<IC_SMGC>Chocobo,40,Magic,0,1,Walse,Assets/GameAssets/Serial/Res/Map/Map_20031/Map_20031_5/entity_default,/layers/[0]/objects/[2]/properties/{name=product_group_id}
233,429,<IC_SMGC>Sylph,40,Magic,0,1,Walse,Assets/GameAssets/Serial/Res/Map/Map_20031/Map_20031_5/entity_default,/layers/[0]/objects/[2]/properties/{name=product_group_id}
234,430,<IC_SMGC>Remora,40,Magic,0,1,Walse,Assets/GameAssets/Serial/Res/Map/Map_20031/Map_20031_5/entity_default,/layers/[0]/objects/[2]/properties/{name=product_group_id}
235,398,<IC_BMGC>Fira,41,Magic,0,1,Karnak;Crescent,Assets/GameAssets/Serial/Res/Map/Map_20061/Map_20061_4/entity_default;Assets/GameAssets/Serial/Res/Map/Map_20101/Map_20101_5/entity_default,/layers/[0]/objects/[3]/properties/{name=product_group_id};/layers/[0]/objects/[2]/properties/{name=product_group_id}
236,399,<IC_BMGC>Blizzara,41,Magic,0,1,Karnak;Crescent,Assets/GameAssets/Serial/Res/Map/Map_20061/Map_20061_4/entity_default;Assets/GameAssets/Serial/Res/Map/Map_20101/Map_20101_5/entity_default,/layers/[0]/objects/[3]/properties/{name=product_group_id};/layers/[0]/objects/[2]/properties/{name=product_group_id}
237,400,<IC_BMGC>Thundara,41,Magic,0,1,Karnak;Crescent,Assets/GameAssets/Serial/Res/Map/Map_20061/Map_20061_4/entity_default;Assets/GameAssets/Serial/Res/Map/Map_20101/Map_20101_5/entity_default,/layers/[0]/objects/[3]/properties/{name=product_group_id};/layers/[0]/objects/[2]/properties/{name=product_group_id}
238,395,<IC_BMGC>Poison,41,Magic,0,1,Karnak;Crescent,Assets/GameAssets/Serial/Res/Map/Map_20061/Map_20061_4/entity_default;Assets/GameAssets/Serial/Res/Map/Map_20101/Map_20101_5/entity_default,/layers/[0]/objects/[3]/properties/{name=product_group_id};/layers/[0]/objects/[2]/properties/{name=product_group_id}
239,396,<IC_BMGC>Sleep,41,Magic,0,1,Karnak;Crescent,Assets/GameAssets/Serial/Res/Map/Map_20061/Map_20061_4/entity_default;Assets/GameAssets/Serial/Res/Map/Map_20101/Map_20101_5/entity_default,/layers/[0]/objects/[3]/properties/{name=product_group_id};/layers/[0]/objects/[2]/properties/{name=product_group_id}
240,392,<IC_BMGC>Fire,41,Magic,0,1,Karnak;Crescent,Assets/GameAssets/Serial/Res/Map/Map_20061/Map_20061_4/entity_default;Assets/GameAssets/Serial/Res/Map/Map_20101/Map_20101_5/entity_default,/layers/[0]/objects/[3]/properties/{name=product_group_id};/layers/[0]/objects/[2]/properties/{name=product_group_id}
241,393,<IC_BMGC>Blizzard,41,Magic,0,1,Karnak;Crescent,Assets/GameAssets/Serial/Res/Map/Map_20061/Map_20061_4/entity_default;Assets/GameAssets/Serial/Res/Map/Map_20101/Map_20101_5/entity_default,/layers/[0]/objects/[3]/properties/{name=product_group_id};/layers/[0]/objects/[2]/properties/{name=product_group_id}
242,394,<IC_BMGC>Thunder,41,Magic,0,1,Karnak;Crescent,Assets/GameAssets/Serial/Res/Map/Map_20061/Map_20061_4/entity_default;Assets/GameAssets/Serial/Res/Map/Map_20101/Map_20101_5/entity_default,/layers/[0]/objects/[3]/properties/{name=product_group_id};/layers/[0]/objects/[2]/properties/{name=product_group_id}
243,380,<IC_WMGC>Cura,42,Magic,0,1,Karnak;Jachol,Assets/GameAssets/Serial/Res/Map/Map_20061/Map_20061_4/entity_default;Assets/GameAssets/Serial/Res/Map/Map_20081/Map_20081_4/entity_default,/layers/[0]/objects/[2]/properties/{name=product_group_id};/layers/[0]/objects/[2]/properties/{name=product_group_id}
244,381,<IC_WMGC>Raise,42,Magic,0,1,Karnak;Jachol,Assets/GameAssets/Serial/Res/Map/Map_20061/Map_20061_4/entity_default;Assets/GameAssets/Serial/Res/Map/Map_20081/Map_20081_4/entity_default,/layers/[0]/objects/[2]/properties/{name=product_group_id};/layers/[0]/objects/[2]/properties/{name=product_group_id}
245,382,<IC_WMGC>Confuse,42,Magic,0,1,Karnak;Jachol,Assets/GameAssets/Serial/Res/Map/Map_20061/Map_20061_4/entity_default;Assets/GameAssets/Serial/Res/Map/Map_20081/Map_20081_4/entity_default,/layers/[0]/objects/[2]/properties/{name=product_group_id};/layers/[0]/objects/[2]/properties/{name=product_group_id}
246,377,<IC_WMGC>Silence,42,Magic,0,1,Karnak;Jachol,Assets/GameAssets/Serial/Res/Map/Map_20061/Map_20061_4/entity_default;Assets/GameAssets/Serial/Res/Map/Map_20081/Map_20081_4/entity_default,/layers/[0]/objects/[2]/properties/{name=product_group_id};/layers/[0]/objects/[2]/properties/{name=product_group_id}
247,378,<IC_WMGC>Protect,42,Magic,0,1,Karnak;Jachol,Assets/GameAssets/Serial/Res/Map/Map_20061/Map_20061_4/entity_default;Assets/GameAssets/Serial/Res/Map/Map_20081/Map_20081_4/entity_default,/layers/[0]/objects/[2]/properties/{name=product_group_id};/layers/[0]/objects/[2]/properties/{name=product_group_id}
248,374,<IC_WMGC>Cure,42,Magic,0,1,Karnak;Jachol,Assets/GameAssets/Serial/Res/Map/Map_20061/Map_20061_4/entity_default;Assets/GameAssets/Serial/Res/Map/Map_20081/Map_20081_4/entity_default,/layers/[0]/objects/[2]/properties/{name=product_group_id};/layers/[0]/objects/[2]/properties/{name=product_group_id}
249,375,<IC_WMGC>Libra,42,Magic,0,1,Karnak;Jachol,Assets/GameAssets/Serial/Res/Map/Map_20061/Map_20061_4/entity_default;Assets/GameAssets/Serial/Res/Map/Map_20081/Map_20081_4/entity_default,/layers/[0]/objects/[2]/properties/{name=product_group_id};/layers/[0]/objects/[2]/properties/{name=product_group_id}
250,376,<IC_WMGC>Poisona,42,Magic,0,1,Karnak;Jachol,Assets/GameAssets/Serial/Res/Map/Map_20061/Map_20061_4/entity_default;Assets/GameAssets/Serial/Res/Map/Map_20081/Map_20081_4/entity_default,/layers/[0]/objects/[2]/properties/{name=product_group_id};/layers/[0]/objects/[2]/properties/{name=product_group_id}
251,416,<IC_TMGC>Gravity,43,Magic,0,1,Karnak;Istory,Assets/GameAssets/Serial/Res/Map/Map_20061/Map_20061_4/entity_default;Assets/GameAssets/Serial/Res/Map/Map_20091/Map_20091_3/entity_default,/layers/[0]/objects/[4]/properties/{name=product_group_id};/layers/[0]/objects/[2]/properties/{name=product_group_id}
252,417,<IC_TMGC>Stop,43,Magic,0,1,Karnak;Istory,Assets/GameAssets/Serial/Res/Map/Map_20061/Map_20061_4/entity_default;Assets/GameAssets/Serial/Res/Map/Map_20091/Map_20091_3/entity_default,/layers/[0]/objects/[4]/properties/{name=product_group_id};/layers/[0]/objects/[2]/properties/{name=product_group_id}
253,414,<IC_TMGC>Haste,43,Magic,0,1,Karnak;Istory,Assets/GameAssets/Serial/Res/Map/Map_20061/Map_20061_4/entity_default;Assets/GameAssets/Serial/Res/Map/Map_20091/Map_20091_3/entity_default,/layers/[0]/objects/[4]/properties/{name=product_group_id};/layers/[0]/objects/[2]/properties/{name=product_group_id}
254,413,<IC_TMGC>Mute,43,Magic,0,1,Karnak;Istory,Assets/GameAssets/Serial/Res/Map/Map_20061/Map_20061_4/entity_default;Assets/GameAssets/Serial/Res/Map/Map_20091/Map_20091_3/entity_default,/layers/[0]/objects/[4]/properties/{name=product_group_id};/layers/[0]/objects/[2]/properties/{name=product_group_id}
255,411,<IC_TMGC>Slow,43,Magic,0,1,Karnak;Istory,Assets/GameAssets/Serial/Res/Map/Map_20061/Map_20061_4/entity_default;Assets/GameAssets/Serial/Res/Map/Map_20091/Map_20091_3/entity_default,/layers/[0]/objects/[4]/properties/{name=product_group_id};/layers/[0]/objects/[2]/properties/{name=product_group_id}
256,412,<IC_TMGC>Regen,43,Magic,0,1,Karnak;Istory,Assets/GameAssets/Serial/Res/Map/Map_20061/Map_20061_4/entity_default;Assets/GameAssets/Serial/Res/Map/Map_20091/Map_20091_3/entity_default,/layers/[0]/objects/[4]/properties/{name=product_group_id};/layers/[0]/objects/[2]/properties/{name=product_group_id}
257,383,<IC_WMGC>Blink,44,Magic,0,1,Regole;Surgate Castle;Quelb;Castle of Bal,Assets/GameAssets/Serial/Res/Map/Map_20151/Map_20151_1/entity_default;Assets/GameAssets/Serial/Res/Map/Map_20171/Map_20171_4/entity_default;Assets/GameAssets/Serial/Res/Map/Map_20181/Map_20181_1/entity_default;Assets/GameAssets/Serial/Res/Map/Map_20191/Map_20191_1/entity_default,/layers/[0]/objects/[2]/properties/{name=product_group_id};/layers/[0]/objects/[7]/properties/{name=product_group_id};/layers/[0]/objects/[2]/properties/{name=product_group_id};/layers/[0]/objects/[11]/properties/{name=product_group_id}
258,384,<IC_WMGC>Shell,44,Magic,0,1,Regole;Surgate Castle;Quelb;Castle of Bal,Assets/GameAssets/Serial/Res/Map/Map_20151/Map_20151_1/entity_default;Assets/GameAssets/Serial/Res/Map/Map_20171/Map_20171_4/entity_default;Assets/GameAssets/Serial/Res/Map/Map_20181/Map_20181_1/entity_default;Assets/GameAssets/Serial/Res/Map/Map_20191/Map_20191_1/entity_default,/layers/[0]/objects/[2]/properties/{name=product_group_id};/layers/[0]/objects/[7]/properties/{name=product_group_id};/layers/[0]/objects/[2]/properties/{name=product_group_id};/layers/[0]/objects/[11]/properties/{name=product_group_id}
259,385,<IC_WMGC>Esuna,44,Magic,0,1,Regole;Surgate Castle;Quelb;Castle of Bal,Assets/GameAssets/Serial/Res/Map/Map_20151/Map_20151_1/entity_default;Assets/GameAssets/Serial/Res/Map/Map_20171/Map_20171_4/entity_default;Assets/GameAssets/Serial/Res/Map/Map_20181/Map_20181_1/entity_default;Assets/GameAssets/Serial/Res/Map/Map_20191/Map_20191_1/entity_default,/layers/[0]/objects/[2]/properties/{name=product_group_id};/layers/[0]/objects/[7]/properties/{name=product_group_id};/layers/[0]/objects/[2]/properties/{name=product_group_id};/layers/[0]/objects/[11]/properties/{name=product_group_id}
260,401,<IC_BMGC>Drain,45,Magic,0,1,Regole;Surgate Castle;Quelb;Castle of Bal,Assets/GameAssets/Serial/Res/Map/Map_20151/Map_20151_1/entity_default;Assets/GameAssets/Serial/Res/Map/Map_20171/Map_20171_4/entity_default;Assets/GameAssets/Serial/Res/Map/Map_20181/Map_20181_1/entity_default;Assets/GameAssets/Serial/Res/Map/Map_20191/Map_20191_1/entity_default,/layers/[0]/objects/[3]/properties/{name=product_group_id};/layers/[0]/objects/[8]/properties/{name=product_group_id};/layers/[0]/objects/[3]/properties/{name=product_group_id};/layers/[0]/objects/[10]/properties/{name=product_group_id}
261,402,<IC_BMGC>Break,45,Magic,0,1,Regole;Surgate Castle;Quelb;Castle of Bal,Assets/GameAssets/Serial/Res/Map/Map_20151/Map_20151_1/entity_default;Assets/GameAssets/Serial/Res/Map/Map_20171/Map_20171_4/entity_default;Assets/GameAssets/Serial/Res/Map/Map_20181/Map_20181_1/entity_default;Assets/GameAssets/Serial/Res/Map/Map_20191/Map_20191_1/entity_default,/layers/[0]/objects/[3]/properties/{name=product_group_id};/layers/[0]/objects/[8]/properties/{name=product_group_id};/layers/[0]/objects/[3]/properties/{name=product_group_id};/layers/[0]/objects/[10]/properties/{name=product_group_id}
262,403,<IC_BMGC>Bio,45,Magic,0,1,Regole;Surgate Castle;Quelb;Castle of Bal,Assets/GameAssets/Serial/Res/Map/Map_20151/Map_20151_1/entity_default;Assets/GameAssets/Serial/Res/Map/Map_20171/Map_20171_4/entity_default;Assets/GameAssets/Serial/Res/Map/Map_20181/Map_20181_1/entity_default;Assets/GameAssets/Serial/Res/Map/Map_20191/Map_20191_1/entity_default,/layers/[0]/objects/[3]/properties/{name=product_group_id};/layers/[0]/objects/[8]/properties/{name=product_group_id};/layers/[0]/objects/[3]/properties/{name=product_group_id};/layers/[0]/objects/[10]/properties/{name=product_group_id}
263,419,<IC_TMGC>Comet,46,Magic,0,1,Regole;Surgate Castle;Quelb;Castle of Bal,Assets/GameAssets/Serial/Res/Map/Map_20151/Map_20151_1/entity_default;Assets/GameAssets/Serial/Res/Map/Map_20171/Map_20171_4/entity_default;Assets/GameAssets/Serial/Res/Map/Map_20181/Map_20181_1/entity_default;Assets/GameAssets/Serial/Res/Map/Map_20191/Map_20191_1/entity_default,/layers/[0]/objects/[4]/properties/{name=product_group_id};/layers/[0]/objects/[12]/properties/{name=product_group_id};/layers/[0]/objects/[4]/properties/{name=product_group_id};/layers/[0]/objects/[9]/properties/{name=product_group_id}
264,420,<IC_TMGC>Slowga,46,Magic,0,1,Regole;Surgate Castle;Quelb;Castle of Bal,Assets/GameAssets/Serial/Res/Map/Map_20151/Map_20151_1/entity_default;Assets/GameAssets/Serial/Res/Map/Map_20171/Map_20171_4/entity_default;Assets/GameAssets/Serial/Res/Map/Map_20181/Map_20181_1/entity_default;Assets/GameAssets/Serial/Res/Map/Map_20191/Map_20191_1/entity_default,/layers/[0]/objects/[4]/properties/{name=product_group_id};/layers/[0]/objects/[12]/properties/{name=product_group_id};/layers/[0]/objects/[4]/properties/{name=product_group_id};/layers/[0]/objects/[9]/properties/{name=product_group_id}
265,421,<IC_TMGC>Return,46,Magic,0,1,Regole;Surgate Castle;Quelb;Castle of Bal,Assets/GameAssets/Serial/Res/Map/Map_20151/Map_20151_1/entity_default;Assets/GameAssets/Serial/Res/Map/Map_20171/Map_20171_4/entity_default;Assets/GameAssets/Serial/Res/Map/Map_20181/Map_20181_1/entity_default;Assets/GameAssets/Serial/Res/Map/Map_20191/Map_20191_1/entity_default,/layers/[0]/objects/[4]/properties/{name=product_group_id};/layers/[0]/objects/[12]/properties/{name=product_group_id};/layers/[0]/objects/[4]/properties/{name=product_group_id};/layers/[0]/objects/[9]/properties/{name=product_group_id}
266,386,<IC_WMGC>Curaga,47,Magic,0,1,Moore,Assets/GameAssets/Serial/Res/Map/Map_20161/Map_20161_5/entity_default,/layers/[0]/objects/[4]/properties/{name=product_group_id}
267,387,<IC_WMGC>Reflect,47,Magic,0,1,Moore,Assets/GameAssets/Serial/Res/Map/Map_20161/Map_20161_5/entity_default,/layers/[0]/objects/[4]/properties/{name=product_group_id}
268,388,<IC_WMGC>Berserk,47,Magic,0,1,Moore,Assets/GameAssets/Serial/Res/Map/Map_20161/Map_20161_5/entity_default,/layers/[0]/objects/[4]/properties/{name=product_group_id}
269,383,<IC_WMGC>Blink,47,Magic,0,1,Moore,Assets/GameAssets/Serial/Res/Map/Map_20161/Map_20161_5/entity_default,/layers/[0]/objects/[4]/properties/{name=product_group_id}
270,384,<IC_WMGC>Shell,47,Magic,0,1,Moore,Assets/GameAssets/Serial/Res/Map/Map_20161/Map_20161_5/entity_default,/layers/[0]/objects/[4]/properties/{name=product_group_id}
271,385,<IC_WMGC>Esuna,47,Magic,0,1,Moore,Assets/GameAssets/Serial/Res/Map/Map_20161/Map_20161_5/entity_default,/layers/[0]/objects/[4]/properties/{name=product_group_id}
272,404,<IC_BMGC>Firaga,48,Magic,0,1,Moore,Assets/GameAssets/Serial/Res/Map/Map_20161/Map_20161_5/entity_default,/layers/[0]/objects/[3]/properties/{name=product_group_id}
273,405,<IC_BMGC>Blizzaga,48,Magic,0,1,Moore,Assets/GameAssets/Serial/Res/Map/Map_20161/Map_20161_5/entity_default,/layers/[0]/objects/[3]/properties/{name=product_group_id}
274,406,<IC_BMGC>Thundaga,48,Magic,0,1,Moore,Assets/GameAssets/Serial/Res/Map/Map_20161/Map_20161_5/entity_default,/layers/[0]/objects/[3]/properties/{name=product_group_id}
275,401,<IC_BMGC>Drain,48,Magic,0,1,Moore,Assets/GameAssets/Serial/Res/Map/Map_20161/Map_20161_5/entity_default,/layers/[0]/objects/[3]/properties/{name=product_group_id}
276,402,<IC_BMGC>Break,48,Magic,0,1,Moore,Assets/GameAssets/Serial/Res/Map/Map_20161/Map_20161_5/entity_default,/layers/[0]/objects/[3]/properties/{name=product_group_id}
277,403,<IC_BMGC>Bio,48,Magic,0,1,Moore,Assets/GameAssets/Serial/Res/Map/Map_20161/Map_20161_5/entity_default,/layers/[0]/objects/[3]/properties/{name=product_group_id}
278,422,<IC_TMGC>Graviga,49,Magic,0,1,Moore,Assets/GameAssets/Serial/Res/Map/Map_20161/Map_20161_5/entity_default,/layers/[0]/objects/[2]/properties/{name=product_group_id}
279,423,<IC_TMGC>Hastega,49,Magic,0,1,Moore,Assets/GameAssets/Serial/Res/Map/Map_20161/Map_20161_5/entity_default,/layers/[0]/objects/[2]/properties/{name=product_group_id}
280,424,<IC_TMGC>Old,49,Magic,0,1,Moore,Assets/GameAssets/Serial/Res/Map/Map_20161/Map_20161_5/entity_default,/layers/[0]/objects/[2]/properties/{name=product_group_id}
281,419,<IC_TMGC>Comet,49,Magic,0,1,Moore,Assets/GameAssets/Serial/Res/Map/Map_20161/Map_20161_5/entity_default,/layers/[0]/objects/[2]/properties/{name=product_group_id}
282,420,<IC_TMGC>Slowga,49,Magic,0,1,Moore,Assets/GameAssets/Serial/Res/Map/Map_20161/Map_20161_5/entity_default,/layers/[0]/objects/[2]/properties/{name=product_group_id}
283,421,<IC_TMGC>Return,49,Magic,0,1,Moore,Assets/GameAssets/Serial/Res/Map/Map_20161/Map_20161_5/entity_default,/layers/[0]/objects/[2]/properties/{name=product_group_id}
284,385,<IC_WMGC>Esuna,50,Magic,0,1,Lix,Assets/GameAssets/Serial/Res/Map/Map_20121/Map_20121_2/entity_default,/layers/[0]/objects/[2]/properties/{name=product_group_id}
285,389,<IC_WMGC>Arise,51,Magic,0,1,Phantom Village,Assets/GameAssets/Serial/Res/Map/Map_20201/Map_20201_5/entity_default,/layers/[0]/objects/[6]/properties/{name=product_group_id}
286,391,<IC_WMGC>Dispel,51,Magic,0,1,Phantom Village,Assets/GameAssets/Serial/Res/Map/Map_20201/Map_20201_5/entity_default,/layers/[0]/objects/[6]/properties/{name=product_group_id}
287,408,<IC_BMGC>Death,51,Magic,0,1,Phantom Village,Assets/GameAssets/Serial/Res/Map/Map_20201/Map_20201_5/entity_default,/layers/[0]/objects/[6]/properties/{name=product_group_id}
288,409,<IC_BMGC>Osmose,51,Magic,0,1,Phantom Village,Assets/GameAssets/Serial/Res/Map/Map_20201/Map_20201_5/entity_default,/layers/[0]/objects/[6]/properties/{name=product_group_id}
289,426,<IC_TMGC>Quick,51,Magic,0,1,Phantom Village,Assets/GameAssets/Serial/Res/Map/Map_20201/Map_20201_5/entity_default,/layers/[0]/objects/[6]/properties/{name=product_group_id}
290,427,<IC_TMGC>Banish,51,Magic,0,1,Phantom Village,Assets/GameAssets/Serial/Res/Map/Map_20201/Map_20201_5/entity_default,/layers/[0]/objects/[6]/properties/{name=product_group_id}
291,379,<IC_WMGC>Mini,52,Magic,0,1,Phantom Village,Assets/GameAssets/Serial/Res/Map/Map_20201/Map_20201_5/entity_default,/layers/[0]/objects/[4]/properties/{name=product_group_id}
292,397,<IC_BMGC>Toad,52,Magic,0,1,Phantom Village,Assets/GameAssets/Serial/Res/Map/Map_20201/Map_20201_5/entity_default,/layers/[0]/objects/[4]/properties/{name=product_group_id}
293,410,<IC_TMGC>Speed,52,Magic,0,1,Phantom Village,Assets/GameAssets/Serial/Res/Map/Map_20201/Map_20201_5/entity_default,/layers/[0]/objects/[4]/properties/{name=product_group_id}
294,415,<IC_TMGC>Float,52,Magic,0,1,Phantom Village,Assets/GameAssets/Serial/Res/Map/Map_20201/Map_20201_5/entity_default,/layers/[0]/objects/[4]/properties/{name=product_group_id}
295,418,<IC_TMGC>Teleport,52,Magic,0,1,Phantom Village,Assets/GameAssets/Serial/Res/Map/Map_20201/Map_20201_5/entity_default,/layers/[0]/objects/[4]/properties/{name=product_group_id}
296,428,<IC_SMGC>Chocobo,52,Magic,0,1,Phantom Village,Assets/GameAssets/Serial/Res/Map/Map_20201/Map_20201_5/entity_default,/layers/[0]/objects/[4]/properties/{name=product_group_id}
297,429,<IC_SMGC>Sylph,52,Magic,0,1,Phantom Village,Assets/GameAssets/Serial/Res/Map/Map_20201/Map_20201_5/entity_default,/layers/[0]/objects/[4]/properties/{name=product_group_id}
298,430,<IC_SMGC>Remora,52,Magic,0,1,Phantom Village,Assets/GameAssets/Serial/Res/Map/Map_20201/Map_20201_5/entity_default,/layers/[0]/objects/[4]/properties/{name=product_group_id}
299,255,<IC_RING>Flame Ring,53,Accessories,0,0,Istory,Assets/GameAssets/Serial/Res/Map/Map_20091/Map_20091_4/entity_default,/layers/[0]/objects/[2]/properties/{name=product_group_id}
300,256,<IC_RING>Coral Ring,53,Accessories,0,0,Istory,Assets/GameAssets/Serial/Res/Map/Map_20091/Map_20091_4/entity_default,/layers/[0]/objects/[2]/properties/{name=product_group_id}
301,254,<IC_RING>Angel Ring,53,Accessories,0,0,Istory,Assets/GameAssets/Serial/Res/Map/Map_20091/Map_20091_4/entity_default,/layers/[0]/objects/[2]/properties/{name=product_group_id}
302,252,<IC_RING>Hermes' Sandals,54,Accessories,0,0,Phantom Village,Assets/GameAssets/Serial/Res/Map/Map_20201/Map_20201_6/entity_default,/layers/[0]/objects/[11]/properties/{name=product_group_id}
303,254,<IC_RING>Angel Ring,54,Accessories,0,0,Phantom Village,Assets/GameAssets/Serial/Res/Map/Map_20201/Map_20201_6/entity_default,/layers/[0]/objects/[11]/properties/{name=product_group_id}
304,255,<IC_RING>Flame Ring,54,Accessories,0,0,Phantom Village,Assets/GameAssets/Serial/Res/Map/Map_20201/Map_20201_6/entity_default,/layers/[0]/objects/[11]/properties/{name=product_group_id}
305,256,<IC_RING>Coral Ring,54,Accessories,0,0,Phantom Village,Assets/GameAssets/Serial/Res/Map/Map_20201/Map_20201_6/entity_default,/layers/[0]/objects/[11]/properties/{name=product_group_id}
306,198,<IC_HEAD>Lamia's Tiara,54,Accessories,0,0,Phantom Village,Assets/GameAssets/Serial/Res/Map/Map_20201/Map_20201_6/entity_default,/layers/[0]/objects/[11]/properties/{name=product_group_id}
307,214,<IC_CLTH>Angel Robe,54,Accessories,0,0,Phantom Village,Assets/GameAssets/Serial/Res/Map/Map_20201/Map_20201_6/entity_default,/layers/[0]/objects/[11]/properties/{name=product_group_id}
308,73,<IC_NIF>Kunai,55,Ninja Supplies,0,0,Lix,Assets/GameAssets/Serial/Res/Map/Map_20121/Map_20121_5/entity_default,/layers/[0]/objects/[2]/properties/{name=product_group_id}
309,28,<IC_SRK>Shuriken,55,Ninja Supplies,0,0,Lix,Assets/GameAssets/Serial/Res/Map/Map_20121/Map_20121_5/entity_default,/layers/[0]/objects/[2]/properties/{name=product_group_id}
310,24,<IC_BAG>Flame Scroll,55,Ninja Supplies,0,0,Lix,Assets/GameAssets/Serial/Res/Map/Map_20121/Map_20121_5/entity_default,/layers/[0]/objects/[2]/properties/{name=product_group_id}
311,25,<IC_BAG>Water Scroll,55,Ninja Supplies,0,0,Lix,Assets/GameAssets/Serial/Res/Map/Map_20121/Map_20121_5/entity_default,/layers/[0]/objects/[2]/properties/{name=product_group_id}
312,26,<IC_BAG>Lightning Scroll,55,Ninja Supplies,0,0,Lix,Assets/GameAssets/Serial/Res/Map/Map_20121/Map_20121_5/entity_default,/layers/[0]/objects/[2]/properties/{name=product_group_id}
313,29,<IC_SRK>Fuma Shuriken,56,Ninja Supplies,0,0,Phantom Village,Assets/GameAssets/Serial/Res/Map/Map_20201/Map_20201_7/entity_default,/layers/[0]/objects/[6]/properties/{name=product_group_id}
314,28,<IC_SRK>Shuriken,56,Ninja Supplies,0,0,Phantom Village,Assets/GameAssets/Serial/Res/Map/Map_20201/Map_20201_7/entity_default,/layers/[0]/objects/[6]/properties/{name=product_group_id}
315,102,<IC_SPR>Twin Lance,56,Ninja Supplies,0,0,Phantom Village,Assets/GameAssets/Serial/Res/Map/Map_20201/Map_20201_7/entity_default,/layers/[0]/objects/[6]/properties/{name=product_group_id}
316,172,<IC_TRW>Moonring Blade,56,Ninja Supplies,0,0,Phantom Village,Assets/GameAssets/Serial/Res/Map/Map_20201/Map_20201_7/entity_default,/layers/[0]/objects/[6]/properties/{name=product_group_id}
317,24,<IC_BAG>Flame Scroll,56,Ninja Supplies,0,0,Phantom Village,Assets/GameAssets/Serial/Res/Map/Map_20201/Map_20201_7/entity_default,/layers/[0]/objects/[6]/properties/{name=product_group_id}
318,25,<IC_BAG>Water Scroll,56,Ninja Supplies,0,0,Phantom Village,Assets/GameAssets/Serial/Res/Map/Map_20201/Map_20201_7/entity_default,/layers/[0]/objects/[6]/properties/{name=product_group_id}
319,26,<IC_BAG>Lightning Scroll,56,Ninja Supplies,0,0,Phantom Village,Assets/GameAssets/Serial/Res/Map/Map_20201/Map_20201_7/entity_default,/layers/[0]/objects/[6]/properties/{name=product_group_id}
320,14,<IC_DRAG>Elixir,57,Apothecary,0,0,Phantom Village,Assets/GameAssets/Serial/Res/Map/Map_20201/Map_20201_2/entity_default,/layers/[0]/objects/[3]/properties/{name=product_group_id}
321,5,<IC_DRAG>Ether,57,Apothecary,0,0,Phantom Village,Assets/GameAssets/Serial/Res/Map/Map_20201/Map_20201_2/entity_default,/layers/[0]/objects/[3]/properties/{name=product_group_id}
322,11,<IC_BAG>Holy Water,57,Apothecary,0,0,Phantom Village,Assets/GameAssets/Serial/Res/Map/Map_20201/Map_20201_2/entity_default,/layers/[0]/objects/[3]/properties/{name=product_group_id}
323,15,<IC_BAG>Goliath Tonic,57,Apothecary,0,0,Phantom Village,Assets/GameAssets/Serial/Res/Map/Map_20201/Map_20201_2/entity_default,/layers/[0]/objects/[3]/properties/{name=product_group_id}
324,16,<IC_BAG>Power Drink,57,Apothecary,0,0,Phantom Village,Assets/GameAssets/Serial/Res/Map/Map_20201/Map_20201_2/entity_default,/layers/[0]/objects/[3]/properties/{name=product_group_id}
325,17,<IC_BAG>Speed Shake,57,Apothecary,0,0,Phantom Village,Assets/GameAssets/Serial/Res/Map/Map_20201/Map_20201_2/entity_default,/layers/[0]/objects/[3]/properties/{name=product_group_id}
326,18,<IC_BAG>Iron Draft,57,Apothecary,0,0,Phantom Village,Assets/GameAssets/Serial/Res/Map/Map_20201/Map_20201_2/entity_default,/layers/[0]/objects/[3]/properties/{name=product_group_id}
327,19,<IC_BAG>Hero Cocktail,57,Apothecary,0,0,Phantom Village,Assets/GameAssets/Serial/Res/Map/Map_20201/Map_20201_2/entity_default,/layers/[0]/objects/[3]/properties/{name=product_group_id}
328,0,<MISSING>,101,<MISSING>,10,0,<MISSING>,<MISSING>,<MISSING>
329,0,<MISSING>,102,<MISSING>,10,0,<MISSING>,<MISSING>,<MISSING>
330,0,<MISSING>,103,<MISSING>,20,0,<MISSING>,<MISSING>,<MISSING>
331,0,<MISSING>,104,<MISSING>,20,0,<MISSING>,<MISSING>,<MISSING>
332,0,<MISSING>,105,<MISSING>,30,0,<MISSING>,<MISSING>,<MISSING>
333,0,<MISSING>,106,<MISSING>,30,0,<MISSING>,<MISSING>,<MISSING>
334,0,<MISSING>,107,<MISSING>,30,0,<MISSING>,<MISSING>,<MISSING>
335,0,<MISSING>,108,<MISSING>,40,0,<MISSING>,<MISSING>,<MISSING>
336,0,<MISSING>,109,<MISSING>,70,0,<MISSING>,<MISSING>,<MISSING>
337,0,<MISSING>,110,<MISSING>,60,0,<MISSING>,<MISSING>,<MISSING>
338,0,<MISSING>,111,<MISSING>,50,0,<MISSING>,<MISSING>,<MISSING>
339,0,<MISSING>,112,<MISSING>,70,0,<MISSING>,<MISSING>,<MISSING>
340,0,<MISSING>,113,<MISSING>,60,0,<MISSING>,<MISSING>,<MISSING>
341,0,<MISSING>,201,<MISSING>,10000,0,<MISSING>,<MISSING>,<MISSING>
